{
	"title": "多屏按钮演示",
	"data":[
		{
			"title": "基础设置",
			"data": [
				{
					"type": "inputGroup",
					"data": [
						{
							"label": "上外边距",
							"type": "text",
							"id": "toptopheight",
							"placeholder": "上排按钮距离顶端的高度"
						}
					]
				},
                 {
                     "type": "inputGroup",
                     "data": [
                              {
                                  "label": "点击按钮是否关闭菜单",
                                  "type": "text",
                                  "id": "clickDisappear",
                                  "value": "false"
                              }
                          ]
                 }
			]
		},
		{
			"title": "颜色设置",
			"data": [
				{
					"type": "inputGroup",
					"data": [
						{
							"label": "选中颜色",
							"type": "text",
							"id": "pagecolor",
							"value": "#778899"
						}
					]
				},
				{
					"type": "inputGroup",
					"data": [
						{
							"label": "通用颜色",
							"type": "text",
							"id": "pageincolor",
							"value": "#DDA0DD"
						}
					]
				}
			]
		},
		{
			"title": "按钮设置",
			"data": [
				{
					"type": "inputGroup",
					"data": [
						{
							"label": "钮1颜色",
							"type": "text",
							"id": "item1color",
							"value": "#6cc6a5"
						}
					]
				},				
				{
					"type": "inputGroup",
					"data": [
						{
							"label": "钮1图片",
							"type": "text",
							"id": "item1img",
							"value": "widget://icon/arcProgress.png"
						}
					]
				},			
				{
					"type": "inputGroup",
					"data": [
						{
							"label": "钮1标题",
							"type": "text",
							"id": "item1title",
							"value": "第一"
						}
					]
				},
				{
					"type": "inputGroup",
					"data": [
						{
							"label": "钮2颜色",
							"type": "text",
							"id": "item2color",
							"value": "#f89c8d"
						}
					]
				},				
				{
					"type": "inputGroup",
					"data": [
						{
							"label": "钮2图片",
							"type": "text",
							"id": "item2img",
							"value": "widget://icon/arcMenu.png"
						}
					]
				},			
				{
					"type": "inputGroup",
					"data": [
						{
							"label": "钮2标题",
							"type": "text",
							"id": "item2title",
							"value": "第二"
						}
					]
				},
				{
					"type": "inputGroup",
					"data": [
						{
							"label": "钮3颜色",
							"type": "text",
							"id": "item3color",
							"value": "#9f91f2"
						}
					]
				},				
				{
					"type": "inputGroup",
					"data": [
						{
							"label": "钮3图片",
							"type": "text",
							"id": "item3img",
							"value": "widget://icon/bubbleMenu.png"
						}
					]
				},			
				{
					"type": "inputGroup",
					"data": [
						{
							"label": "钮3标题",
							"type": "text",
							"id": "item3title",
							"value": "第三"
						}
					]
				},
				{
					"type": "inputGroup",
					"data": [
						{
							"label": "钮4颜色",
							"type": "text",
							"id": "item4color",
							"value": "#c488f7"
						}
					]
				},				
				{
					"type": "inputGroup",
					"data": [
						{
							"label": "钮4图片",
							"type": "text",
							"id": "item4img",
							"value": "widget://icon/circularMenu.png"
						}
					]
				},			
				{
					"type": "inputGroup",
					"data": [
						{
							"label": "钮4标题",
							"type": "text",
							"id": "item4title",
							"value": "第四"
						}
					]
				},
				{
					"type": "inputGroup",
					"data": [
						{
							"label": "钮5颜色",
							"type": "text",
							"id": "item5color",
							"value": "#6bd1ef"
						}
					]
				},				
				{
					"type": "inputGroup",
					"data": [
						{
							"label": "钮5图片",
							"type": "text",
							"id": "item5img",
							"value": "widget://icon/navigationBar.png"
						}
					]
				},			
				{
					"type": "inputGroup",
					"data": [
						{
							"label": "钮5标题",
							"type": "text",
							"id": "item5title",
							"value": "第五"
						}
					]
				},
				{
					"type": "inputGroup",
					"data": [
						{
							"label": "钮6颜色",
							"type": "text",
							"id": "item6color",
							"value": "#ffd271"
						}
					]
				},				
				{
					"type": "inputGroup",
					"data": [
						{
							"label": "钮6图片",
							"type": "text",
							"id": "item6img",
							"value": "widget://icon/navigationMenu.png"
						}
					]
				},			
				{
					"type": "inputGroup",
					"data": [
						{
							"label": "钮6标题",
							"type": "text",
							"id": "item6title",
							"value": "第六"
						}
					]
				},
				{
					"type": "inputGroup",
					"data": [
						{
							"label": "钮7颜色",
							"type": "text",
							"id": "item7color",
							"value": "#b6ce83"
						}
					]
				},				
				{
					"type": "inputGroup",
					"data": [
						{
							"label": "钮7图片",
							"type": "text",
							"id": "item7img",
							"value": "widget://icon/pullMenu.png"
						}
					]
				},			
				{
					"type": "inputGroup",
					"data": [
						{
							"label": "钮7标题",
							"type": "text",
							"id": "item7title",
							"value": "第七"
						}
					]
				}
			]
		},
		{
			"title": "牛刀小试",
			"data": [
				{
					"type": "buttonGroup",
					"data":[
						{
							"text": "打开",
							"type": "primary",
							"click": "openactionsheet"
						},
						{
							"text": "关闭",
							"type": "danger",
							"click": "closeactionsheet"
						}
					]
				},
                 {
                     "type": "buttonGroup",
                     "data":[
                             {
                                 "text": "隐藏",
                                 "type": "warning",
                                 "click": "hideactionsheet"
                             },
                             {
                                 "text": "显示",
                                 "type": "info",
                                 "click": "showactionsheet"
                             }
                         ]
                 }
			]	
		},
		{
			"title": "示例代码",
			"data": [
				{
					"type": "codeBlock",
					"data": "var obj = api.require('actionButton');\nobj.open({\n   items:[{bgColor:'#00CED1',title:'子标题',image:'widget://image/actionSheet_icon1.png'},\n         {bgColor:'#FFC0CB',title:'子标题',image:'widget://image/actionSheet_icon2.png'},\n         {bgColor:'#DB7093',title:'子标题',image:'widget://image/actionSheet_icon3.png'},\n         {bgColor:'#FF00FF',title:'子标题',image:'widget://image/actionSheet_icon4.png'},\n         {bgColor:'#A52A2A',title:'子标题',image:'widget://image/actionSheet_icon5.png'},\n         {bgColor:'#A0522D',title:'子标题',image:'widget://image/actionSheet_icon6.png'},\n         {bgColor:'#7FFF00',title:'子标题',image:'widget://image/actionSheet_icon7.png'},\n         {bgColor:'#7FFF00',title:'子标题',image:'widget://image/actionSheet_icon7.png'},\n           {bgColor:'#7FFF00',title:'子标题',image:'widget://image/actionSheet_icon7.png'},\n           {bgColor:'#7FFF00',title:'子标题',image:'widget://image/actionSheet_icon7.png'},\n           {bgColor:'#7FFF00',title:'子标题',image:'widget://image/actionSheet_icon7.png'},\n           {bgColor:'#7FFF00',title:'子标题',image:'widget://image/actionSheet_icon7.png'},\n           {bgColor:'#7FFF00',title:'子标题',image:'widget://image/actionSheet_icon7.png'}],\n    topHeight:200,\n    pageControl:{activeColor:'#778899',inactiveColor:'#DDA0DD'}\n},function(ret,err){\n    api.alert({msg:ret.index});\n});"
				}
			]	
		}
	]
}