{
	"title": "ajax跨域请求",
	"data":[
		{
			"title": "牛刀小试",
			"data": [
				{
					"type": "inputGroup",
					"data": [
						{
							"label": "文件路径",
							"type": "text",
							"id": "upLoadFiles",
							"placeholder": "要上传文件的路径",
							"disabled": "disabled"
						}
					]
				},
				{
					"type": "buttonGroup",
					"data":[
						{
							"text": "选择要上传的文件",
							"type": "info",
							"click": "getFilesUrl"
						}
					]
				},
				{
					"type": "buttonGroup",
					"data":[
						{
							"text": "获取数据",
							"type": "info",
							"click": "getData"
						},
						{
							"text": "POST字符串",
							"type": "info",
							"click": "getDataByPost"
						}
					]
				},
				{
					"type": "buttonGroup",
					"data":[
						{
							"text": "POST JSON",
							"type": "info",
							"click": "getJSONByPost"
						},
						{
							"text": "POST文件",
							"type": "info",
							"click": "upLoadByPost"
						}
					]
				}
			]	
		},
		{
			"title": "示例代码",
			"data": [
				{
					"type": "codeBlock",
					"data": "api.ajax({\n    url: 'http://m.weather.com.cn/data/101010100.html',\n    method: 'get',\n    cache: false,\n    timeout: 30,\n    dataType: 'text'\n}, function(ret, err){\n    if (ret) {\n        $api.byId('data').innerHTML = ret;\n    }else {\n        api.alert(\n            {\n                msg:('错误码：'+err.code+'；错误信息：'+err.msg+'网络状态码：'+err.statusCode)\n            }\n        );\n    };\n});"}
			]	
		}
	]
}