{
	"title": "支付宝",
	"data":[
		{
			"title": "订单信息",
			"data": [
				{
					"type": "inputGroup",
					"data": [
						{
							"label": "标题",
							"type": "text",
							"id": "title",
							"value": "订单名"
						}
					]
				},
				{
					"type": "inputGroup",
					"data": [
						{
							"label": "简介",
							"type": "text",
							"id": "subtitle",
							"value": "这里系统预定义的菜单信息"
						}
					]
				},
				{
					"type": "inputGroup",
					"data": [
						{
							"label": "总价",
							"type": "text",
							"id": "price",
							"value": "0.01"
						}
					]
				},
				{
					"type": "inputGroup",
					"data": [
						{
							"label": "编号",
							"type": "text",
							"id": "ordernum",
							"value": "4393535152"
						}
					]
				}
			]
		},
		{
			"title": "商家信息",
			"data": [
				{
					"type": "inputGroup",
					"data": [
						{
							"label": "回调地址",
							"type": "text",
							"placeholder": "商家的回调服务器的地址",
							"id": "notifyURL",
							"value": "http://www.apicloud.com/payment/alipayPaymentWap.jsp"
						}
					]
				}
			]
		},
		{
			"title": "牛刀小试",
			"data": [
				{
					"type": "inputGroup",
					"data": [
						{
							"label": "状态编码",
							"type": "text",
							"placeholder": "支付结果的状态码",
							"id": "pay_code",
							"disabled": "disabled"
						}
					]
				},
				{
					"type": "inputGroup",
					"data": [
						{
							"label": "支付结果",
							"type": "text",
							"placeholder": "支付结果的文字信息",
							"id": "pay_message",
							"disabled": "disabled"
						}
					]
                 },
                 {
                     "type": "buttonGroup",
                     "data":[
                         {
                             "text": "配置支付信息",
                             "type": "info",
                             "click": "configAliPay"
                         }
                     ]
                 },
				{
					"type": "buttonGroup",
					"data":[
						{
							"text": "支付",
							"type": "primary",
							"click": "openAliPay"
						}
					]
				}
			]	
		},
		{
			"title": "示例代码",
			"data": [
				{
					"type": "codeBlock",
					"data": "var obj = api.require('aliPay');\nvar subject = '订单名';\nvar body = '订单描述';\nvar amount = '10.99';\nvar tradeNO = '4393535152';\nobj.pay({\nsubject:subject,\nbody:body,\namount:amount,\ntradeNO:tradeNO,\n},function(ret,err) {\napi.alert({\n   title: '支付结果',\n   msg: ret.statusMessage,\n   buttons: ['确定']\n});\n});"				
				}
			]	
		}
	]
}