{
	"title": "窗口动画",
	"data":[
		{
			"title": "动画类型",
			"data": [
				{
					"type": "inputGroup",
					"data": [
						{
							"label": "主动画",
							"type": "text",
							"id": "mainAnim",
							"value": "push",
							"placeholder": "push movein fade flip reveal ripple curl un_curl suck cube"
						}
					]
				},
				{
					"type": "inputGroup",
					"data": [
						{
							"label": "子动画",
							"type": "text",
							"id": "subAnim",
							"value": "from_right",
							"placeholder": "from_right from_left from_top from_bottom"
						}
					]
				}
			]
		},
		{
			"title": "动画时间",
			"data": [
				{
					"type": "inputGroup",
					"data": [
						{
							"label": "执行时间",
							"type": "text",
							"placeholder": "单位:毫秒",
							"id": "duration",
							"value": "200"
						}
					]
				}
			]
		},
		{
			"title": "牛刀小试",
			"data": [
				{
					"type": "buttonGroup",
					"data":[
						{
							"text": "打开窗口",
							"type": "primary",
							"click": "openWin",
							"id": "btnOpenWin"
						},
						{
							"text": "关闭窗口",
							"type": "warning",
							"click": "closeWin",
							"id": "btnCloseWin"
						}
					]
				}
			]	
		},
		{
			"title": "示例代码",
			"data": [
				{
					"type": "codeBlock",
					"data": "api.openWin({\nname: 'anim-con',\n    url: './anim-con.html',\n    bounces: false,\n    opaque: false,\n    animation: {\n        type: 'push',\n        subType: 'from_right',\n        duration: 200\n    }\n});"
				}
			]	
		}
	]
}