{
	"title": "动画菜单",
	"data":[
		{
			"title": "基础设置",
			"data": [
				{
					"type": "inputGroup",
					"data": [
						{
							"label": "类型值",
							"type": "text",
							"id": "menutypes",
							"value": "0",
							"placeholder": "0,弧形;1,直线"
						}
					]
				}
			]
		},
		{
			"title": "主菜单按钮",
			"data": [
				{
					"type": "inputGroup",
					"data": [
						{
							"label": "横坐标",
							"type": "text",
							"placeholder": "主菜单中心横坐标",
							"id": "viewx",
							"value": "100"
						},
						{
							"label": "纵坐标",
							"type": "text",
							"placeholder": "主菜单中心纵坐标",
							"id": "viewy",
							"value": "190"
						}
					]
				},
				{
					"type": "inputGroup",
					"data": [
						{
							"label": "宽度值",
							"type": "text",
							"id": "vieww",
							"value": "50"
						},
						{
							"label": "高度值",
							"type": "text",
							"id": "viewh",
							"value": "50"
						}
					]
				},
				{
					"type": "inputGroup",
					"data": [
						{
							"label": "背景图",
							"type": "text",
							"placeholder": "主菜单背景图片",
							"id": "centerimgpath",
							"value": "widget://image/arcMenu/centerImg.png"
						}
					]
				},
				{
					"type": "inputGroup",
					"data": [
						{
							"label": "点击图",
							"type": "text",
							"placeholder": "点击主菜单时的效果图",
							"id": "centerimgpathlight",
							"value": "widget://image/arcMenu/centerImgLight.png"
						}
					]
				}
			]
		},
		{
			"title": "子菜单",
			"data": [
				{
					"type": "inputGroup",
					"data": [
						{
							"label": "按钮宽",
							"type": "text",
							"id": "itemviewx",
							"value": "40"
						},
						{
							"label": "按钮高",
							"type": "text",
							"id": "itemviewy",
							"value": "40"
						}
					]
				},
				{
					"type": "inputGroup",
					"data": [
						{
							"label": "总弧度",
							"type": "text",
							"id": "totalangles",
							"value": "180"
						},
						{
							"label": "弧半径",
							"type": "text",
							"id": "menuradius",
							"value": "100"
						}
					]
				},
				{
					"type": "inputGroup",
					"data": [
						{
							"label": "起始角",
							"type": "text",
							"id": "startangles",
							"value": "0",
							"placeholder": "以12点钟方向为0度"
						}
					]
				},
				{
					"type": "inputGroup",
					"data": [
						{
							"label": "背景一",
							"type": "text",
							"id": "item1img",
							"value": "widget://image/arcMenu/item1.png"
						}
					]
				},
				{
					"type": "inputGroup",
					"data": [
						{
							"label": "点击一",
							"type": "text",
							"id": "item1imglight",
							"value": "widget://image/arcMenu/item1Light.png"
						}
					]
				},
				{
					"type": "inputGroup",
					"data": [
						{
							"label": "背景二",
							"type": "text",
							"id": "item2img",
							"value": "widget://image/arcMenu/item2.png"
						}
					]
				},
				{
					"type": "inputGroup",
					"data": [
						{
							"label": "点击二",
							"type": "text",
							"id": "item2imglight",
							"value": "widget://image/arcMenu/item2Light.png"
						}
					]
				},
				{
					"type": "inputGroup",
					"data": [
						{
							"label": "背景三",
							"type": "text",
							"id": "item3img",
							"value": "widget://image/arcMenu/item3.png"
						}
					]
				},
				{
					"type": "inputGroup",
					"data": [
						{
							"label": "点击三",
							"type": "text",
							"id": "item3imglight",
							"value": "widget://image/arcMenu/item3Light.png"
						}
					]
				},
				{
					"type": "inputGroup",
					"data": [
						{
							"label": "背景四",
							"type": "text",
							"id": "item4img",
							"value": "widget://image/arcMenu/item4.png"
						}
					]
				},
				{
					"type": "inputGroup",
					"data": [
						{
							"label": "点击四",
							"type": "text",
							"id": "item4imglight",
							"value": "widget://image/arcMenu/item4Light.png"
						}
					]
				},
				{
					"type": "inputGroup",
					"data": [
						{
							"label": "背景五",
							"type": "text",
							"id": "item5img",
							"value": "widget://image/arcMenu/item5.png"
						}
					]
				},
				{
					"type": "inputGroup",
					"data": [
						{
							"label": "点击五",
							"type": "text",
							"id": "item5imglight",
							"value": "widget://image/arcMenu/item5Light.png"
						}
					]
				},
				{
					"type": "inputGroup",
					"data": [
						{
							"label": "背景六",
							"type": "text",
							"id": "item6img",
							"value": "widget://image/arcMenu/item6.png"
						}
					]
				},
				{
					"type": "inputGroup",
					"data": [
						{
							"label": "点击六",
							"type": "text",
							"id": "item6imglight",
							"value": "widget://image/arcMenu/item6Light.png"
						}
					]
				}
			]
		},
		{
			"title": "牛刀小试",
			"data": [
				{
					"type": "inputGroup",
					"data": [
						{
							"label": "标识符",
							"type": "text",
							"id": "closeid",
							"placeholder": "要关闭的视图的id."
						}
					]
				},
				{
					"type": "buttonGroup",
					"data":[
						{
							"text": "打开",
							"type": "primary",
							"click": "openArcmenu"
						},
						{
							"text": "关闭",
							"type": "danger",
							"click": "closeArcmenu"
						}
					]
				}
			]	
		},
		{
			"title": "示例代码",
			"data": [
				{
					"type": "codeBlock",
					"data": "var obj = api.require('actionButton');obj.open({   items:[{bgColor:'#00CED1',title:'子标题',image:'widget://image/actionSheet_icon1.png'},\n         {bgColor:'#FFC0CB',title:'子标题',image:'widget://image/actionSheet_icon2.png'},\n         {bgColor:'#DB7093',title:'子标题',image:'widget://image/actionSheet_icon3.png'},\n         {bgColor:'#FF00FF',title:'子标题',image:'widget://image/actionSheet_icon4.png'},\n         {bgColor:'#A52A2A',title:'子标题',image:'widget://image/actionSheet_icon5.png'},\n         {bgColor:'#A0522D',title:'子标题',image:'widget://image/actionSheet_icon6.png'},\n         {bgColor:'#7FFF00',title:'子标题',image:'widget://image/actionSheet_icon7.png'},\n         {bgColor:'#7FFF00',title:'子标题',image:'widget://image/actionSheet_icon7.png'},\n           {bgColor:'#7FFF00',title:'子标题',image:'widget://image/actionSheet_icon7.png'},\n           {bgColor:'#7FFF00',title:'子标题',image:'widget://image/actionSheet_icon7.png'},\n           {bgColor:'#7FFF00',title:'子标题',image:'widget://image/actionSheet_icon7.png'},\n           {bgColor:'#7FFF00',title:'子标题',image:'widget://image/actionSheet_icon7.png'},\n           {bgColor:'#7FFF00',title:'子标题',image:'widget://image/actionSheet_icon7.png'}],\n    topHeight:200,\n    pageControl:{activeColor:'#778899',inactiveColor:'#DDA0DD'}\n},function(ret,err){\n    api.alert({msg:ret.index});\n});"}
			]	
		}
	]
}