{
	"title": "圆形进度条",
	"data":[
		{
			"title": "边框设置",
			"data": [
				{
					"type": "inputGroup",
					"data": [
						{
							"label": "圆心横坐标",
							"type": "text",
							"id": "centerx",
							"value": "160"
						}
					]
				},
				{
					"type": "inputGroup",
					"data": [
						{
							"label": "圆心纵坐标",
							"type": "text",
							"id": "centery",
							"value": "180"
						}
					]
				},
				{
					"type": "inputGroup",
					"data": [
						{
							"label": "进度条半径",
							"type": "text",
							"id": "radiuscircel",
							"value": "65"
						}
					]
				}
			]
		},
		{
			"title": "颜色设置",
			"data": [
				{
					"type": "inputGroup",
					"data": [
						{
							"label": "背景颜色",
							"type": "text",
							"id": "bgcolors",
							"value": "#00CED1"
						}
					]
				},
				{
					"type": "inputGroup",
					"data": [
						{
							"label": "进度颜色",
							"type": "text",
							"id": "progressColors",
							"value": "#228B22"
						}
					]
				}
			]
		},
		{
			"title": "高级设置",
			"data": [
				{
					"type": "inputGroup",
					"data": [
						{
							"label": "进度条类型",
							"type": "text",
							"id": "transType",
							"value": "sector",
							"placeholder": "annular,环形,sector 扇形, crescent月牙形"
						}
					]
				},
				{
					"type": "inputGroup",
					"data": [
						{
							"label": "进度条环宽",
							"type": "text",
							"id": "circleWidth",
							"value": "20"
						}
					]
				}
			]
		},
		{
			"title": "牛刀小试",
			"data": [
				{
					"type": "inputGroup",
					"data": [
						{
							"label": "新建视图",
							"type": "text",
							"id": "circleid",
							"placeholder": "新打开的视图的id."
						}
					]
				},
				{
					"type": "inputGroup",
					"data": [
						{
							"label": "设置视图",
							"type": "text",
							"id": "setcircleid",
							"placeholder": "设置某id对应的视图"
						}
					]
				},
				{
					"type": "inputGroup",
					"data": [
						{
							"label": "设置进度",
							"type": "text",
							"id": "progressvalue",
							"value": "80",
							"placeholder": "为某视图设置进度"
						}
					]
				},
				{
					"type": "inputGroup",
					"data": [
						{
							"label": "删除视图",
							"type": "text",
							"id": "closecircleid",
							"placeholder": "删除某id对应的视图"
						}
					]
				},
				{
					"type": "buttonGroup",
					"data":[
						{
							"text": "打开",
							"type": "primary",
							"click": "openit"
						},
						{
							"text": "设置进度",
							"type": "info",
							"click": "setit"
						},
						{
							"text": "关闭",
							"type": "danger",
							"click": "closeit"
						}
					]
                 },
                 {
                     "type": "buttonGroup",
                     "data":[
                         {
                             "text": "显示",
                             "type": "info",
                             "click": "showit"
                         },
                         {
                             "text": "隐藏",
                             "type": "warning",
                             "click": "hideit"
                         }
                     ]
                 }
			]	
		},
		{
			"title": "示例代码",
			"data": [
				{
					"type": "codeBlock",
					"data": "var obj = api.require('arcProgress');var type = $api.val(transType);\nobj.open({\n type:0,\ncenterX:100,\ncenterY:100,\nradius:60,\nbgColor: '#c0c0c0',\npgColor: '#228b2', \nloopWidth:3\n},function(ret,err){\nret.id;\n});"
				}
			]	
		}
	]
}