{
	"title": "柱状图",
	"data":[
		{
			"title": "边框设置",
			"data": [
				{
					"type": "inputGroup",
					"data": [
						{
							"label": "横坐标",
							"type": "text",
							"id": "cityx",
							"value": "0"
						},
						{
							"label": "纵坐标",
							"type": "text",
							"id": "cityy",
							"value": "64"
						}
					]
				},
				{
					"type": "inputGroup",
					"data": [
						{
							"label": "宽度值",
							"type": "text",
							"id": "citywidth",
							"value": "320"
						},
						{
							"label": "高度值",
							"type": "text",
							"id": "cityheight",
							"value": "300"
						}
					]
				}
			]
		},
		{
			"title": "Y轴设置",
			"data": [
				{
					"type": "inputGroup",
					"data": [
						{
							"label": "最大值",
							"type": "text",
							"id": "yaxismax",
							"value": "50"
						},
						{
							"label": "步幅值",
							"type": "text",
							"id": "yaxissteps",
							"value": "10"
						}
					]
				}
			]
		},
		{
			"title": "X轴设置",
			"data": [
				{
					"type": "inputGroup",
					"data": [
						{
							"label": "标记",
							"type": "text",
							"placeholder": "用英文逗号(,)隔开",
							"id": "xaxismarks",
							"value": "一月,二月,三月,四月,五月,六月,七月,八月,九月,十月,十一月,十二月,一月"
						}
					]
				},
				{
					"type": "inputGroup",
					"data": [
						{
							"label": "数据",
							"type": "text",
							"placeholder": "用英文逗号(,)隔开",
							"id": "klineDatas1",
							"value": "20,40,30,50,40,60,40,0,50,10,8,10"
						}
					]
				}
			]
		},
		{
			"title": "牛刀小试",
			"data": [
				{
					"type": "inputGroup",
					"data": [
						{
							"label": "柱状图ID",
							"type": "text",
							"id": "yaxismaxid",
							"value": "1"
						}
					]
				},
				{
					"type": "buttonGroup",
					"data":[
						{
							"text": "打开",
							"type": "primary",
							"click": "openBarchartview"
						},
						{
							"text": "关闭",
							"type": "danger",
							"click": "closeBarchartview"
						}
					]
				},
                 {
                     "type": "buttonGroup",
                     "data":[
                         {
                             "text": "隐藏",
                             "type": "warning",
                             "click": "hideBarchartview"
                         },
                         {
                             "text": "显示",
                             "type": "info",
                             "click": "showBarchartview"
                         }
                     ]
                 }
			]	
		},
		{
			"title": "示例代码",
			"data": [
				{
					"type": "codeBlock",
					"data": "var obj = api.require('barChart');\nobj.open({\n   x:0,\n   y:64,\n   width:320,\nheight:300,\n   yAxisMax:50,\n   yAxisStep:10,\n   xAxisMarks:[1,2,3,4,5,6,7,8,9],\n   datas:[10,30,40,5,3,49,55,23],\n   id:1\n},function(ret,err){\n   api.alert({msg:ret.index+ret.id});\n});"
				}
			]	
		}
	]
}