{
	"title": "蓝牙",
	"data":[
		{
			"title": "发送设置",
			"data": [
				{
					"type": "inputGroup",
					"data": [
						{
							"label": "数据类型",
							"type": "text",
							"id": "datatype",
							"value": "1",
							"placeholder":"0,文字;1,文件;2,图片;3视频"
						}
					]
				},
				{
					"type": "inputGroup",
					"data": [
						{
							"label": "数据内容",
							"type": "text",
							"id": "datas",
							"value": "widget://index.html"
						}
					]
				}
			]
		},
		{
			"title": "牛刀小试",
			"data": [
				{
					"type": "inputGroup",
					"data": [
						{
							"label": "发送进度",
							"type": "text",
							"id": "recevieprogress",
							"placeholder": "百分比",
							"disabled": "disabled"
						}
					]
				},
				{
					"type": "inputGroup",
					"data": [
						{
							"label": "数据接收",
							"type": "text",
							"id": "recevieddatas",
							"placeholder": "接收到的数据或文件路径",
							"disabled": "disabeld"
						}
					]
				}
				,
				{
					"type": "buttonGroup",
					"data":[
						{
							"text": "连接",
							"type": "primary",
							"click": "connectBluetooth"
						},
						{
							"text": "发送数据",
							"type": "info",
							"click": "sendData"
						},
						{
							"text": "断开",
							"type": "danger",
							"click": "closBluetooth"
						}
					]
				}
			]	
		},
		{
			"title": "示例代码",
			"data": [
				{
					"type": "codeBlock",
					"data": "var obj = api.require('bluetooth');\nobj.connect(\n    function(ret,err){\n        var progress = ret.progress;\n        var message = ret.message;\n});\n"}
			]	
		}
	]
}