{
	"title": "图书阅读器(未完成)",
	"data":[
		{
			"title": "菜单参数配置",
			"data": [
				{
					"type": "inputGroup",
					"data": [
						{
							"label": "坐标 x",
							"type": "text",
							"id": "menux"
						},
						{
							"label": "坐标 y",
							"type": "text",
							"id": "menuy"
						}
					]
				},
                 {
                 "type": "inputGroup",
                 "data": [
                      {
                          "label": "边框色",
                          "type": "text",
                          "id": "buttonboundscolor"
                      },
                      {
                          "label": "割线色",
                          "type": "text",
                          "id": "buttonintervalcolor"
                      }
                  ]
                 },
                 {
                 "type": "inputGroup",
                 "data": [
                      {
                          "label": "按钮背景色",
                          "type": "text",
                          "id": "buttonBgcolor"
                      },
                      {
                          "label": "按钮选中色",
                          "type": "text",
                          "id": "buttonlightcolor"
                      }
                      ]
                 }
			]
		},
		{
			"title": "菜单按钮配置",
			"data": [
				{
					"type": "inputGroup",
					"data": [
						{
							"label": "按钮图片(可 空)",
							"type": "text",
							"id": "button1Img"
						}
					]
				},
				{
					"type": "inputGroup",
					"data": [
						{
							"label": "按钮标题(可 空)",
							"type": "text",
							"id": "button1title",
							"value": "标题"
						}
					]
				},
				{
					"type": "inputGroup",
					"data": [
						{
							"label": "按钮长度(65px)",
							"type": "text",
							"id": "button1length"
						}
					]
                 }
			]
		},
		{
			"title": "牛刀小试",
			"data": [
				{
					"type": "buttonGroup",
					"data":[
						{
							"text": "打开",
							"type": "primary",
							"click": "objOpenMenu"
						},
						{
							"text": "显示",
							"type": "info",
							"click": "objShowMenu"
                        },
                        {
                            "text": "隐藏",
                            "type": "warning",
                            "click": "objHiddenMenu"
                        },
						{
							"text": "关闭",
							"type": "danger",
							"click": "objCloseMenu"
						}
					]
				}
			]	
		},
		{
			"title": "示例代码",
			"data": [
				{
					"type": "codeBlock",
                     "data": "var obj = api.require('bubbleMenu');\nvar arrayPath = new Array();\narrayPath[0]={ title:’按钮一’};\narrayPath[1]={ title:’按钮二’};\narrayPath[2]={ title:’按钮三’};\nobj.open({\nbtnArray:arrayPath\n},function(ret,err){\napi.alert({msg:'点击了菜单的第'+ret.index+'个按钮'});\n});"
				}
			]	
		}
	]
}