{
	"title": "日历演示",
	"data":[
		{
			"title": "边框设置",
			"data": [
				{
					"type": "inputGroup",
					"data": [
						{
							"label": "横坐标",
							"type": "text",
							"id": "viewx",
							"value": "0"
						},
						{
							"label": "纵坐标",
							"type": "text",
							"id": "viewy",
							"value": "64"
						}
					]
				},
				{
					"type": "inputGroup",
					"data": [
						{
							"label": "宽度值",
							"type": "text",
							"id": "vieww",
							"value": "320"
						},
						{
							"label": "高度值",
							"type": "text",
							"id": "viewh",
							"value": "320"
						}
					]
				}
			]
		},
		{
			"title": "牛刀小试",
			"data": [
				{
					"type": "inputGroup",
					"data": [
						{
							"label": "选中日期",
							"id": "selectedDate",
							"disabled": "disabled"
						}
					]
				}
				,
				{
					"type": "buttonGroup",
					"data":[
						{
							"text": "打开",
							"type": "primary",
							"click": "openCalendar"
						},
						{
							"text": "关闭",
							"type": "warning",
							"click": "closeCalendar"
						}
					]
				}
			]	
		},
		{
			"title": "示例代码",
			"data": [
				{
					"type": "codeBlock",
					"data": "var obj = api.require('calendar');\nobj.open({\n   specialDate:['2014-05-01','2014-05-11','2014-05-20','2014-05-25','2014-05-31'] \n},function(ret,err) {\n   var date = ret.date;\n});"
				}
			]	
		}
	]
}