{
	"title": "信用卡识别",
	"data":[
		{
			"title": "牛刀小试",
			"data": [
				{
					"type": "buttonGroup",
					"data":[
						{
							"text": "识别信用卡",
							"type": "primary",
							"click": "openCardReader"
						}
					]
				}
			]	
		},
		{
			"title": "示例代码",
			"data": [
				{
					"type": "codeBlock",
					"data": "var obj = api.require('cardReader');\nobj.open(function(ret,err){\n    if(ret.status){\n        api.alert({msg:ret.cardNum+ret.expiryMonth+ret.expirtyYear+ret.cvv});\n    }else{\n    api.alert({msg:err.msg});\n}\n});"
				}
			]	
		}
	]
}