{
    "title": "转盘菜单演示",
    "data":[
            {
            "title": "视图位置和大小设置",
            "data": [
                     {
                     "type": "inputGroup",
                     "data": [
                              {
                              "label": "圆心坐标x:",
                              "type": "text",
                              "id": "menux"
                              }
                              ]
                     },
                     {
                     "type": "inputGroup",
                     "data": [
                              {
                              "label": "圆心坐标y:",
                              "type": "text",
                              "id": "menuy"
                              }
                              ]
                     },
                     {
                     "type": "inputGroup",
                     "data": [
                              {
                              "label": "半径大小r:",
                              "type": "text",
                              "id": "menur"
                              }
                              ]
                     }
                     ]
            },
            {
            "title": "转盘菜单样式设置",
            "data": [
                     {
                     "type": "inputGroup",
                     "data": [
                              {
                              "label": "转盘背景图片",
                              "type": "text",
                              "id": "platBgimg",
                              "value":"widget://image/circularMenu/bg.png"
                              }
                              ]
                     },
                     {
                     "type": "inputGroup",
                     "data": [
                              {
                              "label": "中间按钮图片",
                              "type": "text",
                              "id": "centerBtnImg",
                              "value":"widget://image/circularMenu/center.png"
                              }
                              ]
                     },
                     {
                     "type":"inputGroup",
                     "data":[
                             {
                             "label":"指针所在位置",
                             "type":"text",
                             "id":"coursorPosition"
                             }
                             ]
                     },
                     {
                     "type": "inputGroup",
                     "data": [
                              {
                              "label": "中间按钮半径",
                              "type": "text",
                              "id": "centerBtnR"
                              }
                              ]
                     }
                     ]
            },
            {
            "title": "菜单按钮设置",
            "data": [
                     {
                     "type": "inputGroup",
                     "data": [
                              {
                              "label": "按钮一图片：",
                              "type": "text",
                              "id": "item1",
                              "value": "widget://image/circularMenu/1.png"
                              }
                              ]
                     },
                     {
                     "type": "inputGroup",
                     "data": [
                              {
                              "label": "点击时图片：",
                              "type": "text",
                              "id": "item1highlight",
                              "value": "widget://image/circularMenu/1light.png"
                              }
                              ]
                     },
                     {
                     "type": "inputGroup",
                     "data": [
                              {
                              "label": "按钮一标题：",
                              "type": "text",
                              "id": "item1title",
                              "value": "账户明细"
                              }
                              ]
                     },
                     {
                     "type": "inputGroup",
                     "data": [
                              {
                              "label": "标题的颜色：",
                              "type": "text",
                              "id": "titleColors"
                              }
                              ]
                     }
                     ]
            },
            {
            "title": "callBack",
            "data": [
                     {
                     "type": "inputGroup",
                     "data": [
                              {
                              "label": "指针所指按钮下标",
                              "type": "text",
                              "id": "indicatorIndex"
                              }
                              ]
                     },
                     {
                     "type": "inputGroup",
                     "data": [
                              {
                              "label": "用户点击按钮下标",
                              "type": "text",
                              "id": "clickBtnIndex"
                              }
                              ]
                     }
                     ]
            },
            {
            "title": "牛刀小试",
            "data": [
                     {
                     "type": "buttonGroup",
                     "data":[
                             {
                             "text": "打开",
                             "type": "primary",
                             "click": "objOpenMenu"
                             },
                             {
                             "text": "关闭",
                             "type": "danger",
                             "click": "objCloseMenu"
                             }
                             ]
                     }
                     ]	
            },
            {
            "title": "示例代码",
            "data": [
                     {
                     "type": "codeBlock",
                     "data": "var obj = api.require('circularMenu');\nvar arrayItems = new Array();\nfor (var i=0;i<5;i++){\narrayItems[i]={\nnormal:'widget://res/circularMenu2.png',\nhighlight:'widget://res/circularMenu2light.png',\ntitle:'按钮二',\ntitleColor:'#FF0000'\n}\n}\nobj.open({\nitems: arrayItems\n}, function(ret, err){\nret.index;\nret.pointerIndex;\n});\n"
                     }
                     ]	
            }
            ]
}