{
	"title": "城市列表",
	"data":[
		{
			"title": "边框设置",
			"data": [
				{
					"type": "inputGroup",
					"data": [
						{
							"label": "横坐标",
							"type": "text",
							"id": "cityx",
							"value": "0"
						},
						{
							"label": "纵坐标",
							"type": "text",
							"id": "cityy",
							"value": "64"
						}
					]
				},
				{
					"type": "inputGroup",
					"data": [
						{
							"label": "宽度值",
							"type": "text",
							"id": "citywidth",
							"value": "320"
						},
						{
							"label": "高度值",
							"type": "text",
							"id": "cityheight",
							"value": "350"
						}
					]
				}
			]
		},
		{
			"title": "高级设置",
			"data": [
				{
					"type": "inputGroup",
					"data": [
						{
							"label": "数据文件",
							"type": "text",
							"placeholder": "数据文件的路径",
							"id": "pathUrl",
							"value": "widget://image/cityList/resource.json"
						}
					]
				},
				{
					"type": "inputGroup",
					"data": [
						{
							"label": "定位城市",
							"type": "text",
							"placeholder": "手动模拟设置一个定位城市",
							"id": "citycurrent",
							"value": "北京"
						}
					]
				}
			]
		},
		{
			"title": "牛刀小试",
			"data": [
				{
					"type": "inputGroup",
					"data": [
						{
							"label": "标识",
							"type": "text",
							"placeholder": "被选择城市的ID",
							"id": "cityid"
						}
					]
				},
				{
					"type": "inputGroup",
					"data": [
						{
							"label": "名字",
							"type": "text",
							"placeholder": "被选择城市的名称",
							"id": "cityname"
						}
					]
				},
				{
					"type": "inputGroup",
					"data": [
						{
							"label": "拼音",
							"type": "text",
							"placeholder": "被选择城市的名字拼音",
							"id": "citypinyin"
						}
					]
				},
				{
					"type": "buttonGroup",
					"data":[
						{
							"text": "打开",
							"type": "primary",
							"click": "openCityList"
						},
						{
							"text": "关闭",
							"type": "danger",
							"click": "closeCityList"
						}
					]
                 },
                 {
                     "type": "buttonGroup",
                     "data":[
                         {
                             "text": "隐藏",
                             "type": "warning",
                             "click": "hideCityList"
                         },
                         {
                             "text": "显示",
                             "type": "info",
                             "click": "showCityList"
                         }
                     ]
                 }
			]	
		},
		{
			"title": "示例代码",
			"data": [
				{
					"type": "codeBlock",
					"data": "var obj = api.require('cityList');\nobj.open({\nx:0,\ny:64,\nwidth:320,\nheight:320,\ncurrentCity:'北京',\nresource:'widget://image/cityList.json'\n},function(ret,err) {\nvar cityInfo = ret.cityInfo;\n});"}
			]	
		}
	]
}