{
	"title": "城市选择器",
	"data":[
		{
			"title": "边框设置",
			"data": [
				{
					"type": "inputGroup",
					"data": [
						{
							"label": "纵坐标",
							"type": "text",
							"id": "selectorCoordY"
						},
						{
							"label": "高度",
							"type": "text",
							"id": "selectorHeight"
						}
					]
				}
			]
		},
		{
			"title": "高级设置",
			"data": [
				{
					"type": "inputGroup",
					"data": [
						{
							"label": "取消按钮图片",
							"type": "text",
							"id": "buttonCancelImg"
						}
					]
				},
				{
					"type": "inputGroup",
					"data": [
						{
							"label": "确定按钮图片",
							"type": "text",
							"id": "buttonEnterImg"
						}
					]
                 },
                 {
                     "type": "inputGroup",
                     "data": [
                          {
                              "label": "标题背景图片",
                              "type": "text",
                              "id": "titleNavigationImg"
                          }
                      ]
                 },
                 {
                     "type": "inputGroup",
                     "data": [
                          {
                              "label": "内容背景图片",
                              "type": "text",
                              "id": "selectorBgImage"
                          }
                      ]
                 }
			]
		},
        {
            "title": "样式设置",
            "data": [
                 {
                 "type": "inputGroup",
                 "data": [
                      {
                          "label": "字体颜色",
                          "type": "text",
                          "id": "selectorColor"
                      }
                  ]
                 },
                 {
                 "type":"inputGroup",
                 "data":[
                         {
                         "label": "选中颜色",
                         "type": "text",
                         "id": "selectorselColor"
                         }
                 ]
                 },
                 {
                 "type":"inputGroup",
                 "data":[
                         {
                         "label": "添加动画",
                         "type": "text",
                         "id": "selectorAnimation"
                         }
                         ]
                 }
             ]
        },
		{
			"title": "牛刀小试",
			"data": [
				{
					"type": "buttonGroup",
					"data":[
						{
							"text": "打开",
							"type": "primary",
							"click": "objOpenSelector"
                        },
                        {
                            "text": "显示",
                            "type": "warning",
                            "click": "objShowSelector"
                        },
                        {
                            "text": "隐藏",
                            "type": "primary",
                            "click": "objHiddenSelector"
                        },
						{
							"text": "关闭",
							"type": "warning",
							"click": "objCloseSelector"
						}
					]
				}
			]	
		},
		{
			"title": "示例代码",
			"data": [
				{
					"type": "codeBlock",
                     "data": "var obj = api.require('citySelector');\nobj.open(function(ret,err){\napi.alert({msg:'选择器选取的数据是'+ret.city+ret.province+ret.county});\n});"}
			]
		}
	]
}