{
	"title": "通讯录",
	"data":[
		{
			"title": "读取联系人",
			"data": [
				{
					"type": "inputGroup",
					"data": [
						{
							"label": "标识",
							"type": "text",
							"id": "ID",
							"value": "",
							"placeholder": "用户ID"
						}
					]
				},
				{
					"type": "inputGroup",
					"data": [
						{
							"label": "姓名",
							"type": "text",
							"id": "name",
							"value": ""
						}
					]
				},
				{
					"type": "inputGroup",
					"data": [
						{
							"label": "组标",
							"type": "text",
							"id": "groupsID",
							"value": "",
							"placeholder": "分组ID"
						}
					]
				},
				{
					"type": "inputGroup",
					"data": [
						{
							"label": "组名",
							"type": "text",
							"id": "groupsname",
							"value": ""
						}
					]
				},
				{
					"type": "inputGroup",
					"data": [
						{
							"label": "电话",
							"type": "text",
							"id": "phoneNum1",
							"value": "",
							"placeholder": "可填写多个电话号码"
						}
					]
				},
				{
					"type": "inputGroup",
					"data": [
						{
							"label": "电话",
							"type": "text",
							"id": "phoneNum2",
							"value": "",
							"placeholder": "可填写多个电话号码"
						}
					]
				},
				{
					"type": "inputGroup",
					"data": [
						{
							"label": "电话",
							"type": "text",
							"id": "phoneNum3",
							"value": "",
							"placeholder": "可填写多个电话号码"
						}
					]
				},
				{
					"type": "inputGroup",
					"data": [
						{
							"label": "邮箱",
							"type": "text",
							"id": "email"
						}
					]
				},
				{
					"type": "inputGroup",
					"data": [
						{
							"label": "公司",
							"type": "text",
							"id": "comp"
						}
					]
				},
				{
					"type": "inputGroup",
					"data": [
						{
							"label": "职位",
							"type": "text",
							"id": "post"
						}
					]
				},
				{
					"type": "inputGroup",
					"data": [
						{
							"label": "国家",
							"type": "text",
							"id": "country"
						}
					]
				},
				{
					"type": "inputGroup",
					"data": [
						{
							"label": "省份",
							"type": "text",
							"id": "state"
						}
					]
				},
				{
					"type": "inputGroup",
					"data": [
						{
							"label": "城市",
							"type": "text",
							"id": "city"
						}
					]
				},
				{
					"type": "inputGroup",
					"data": [
						{
							"label": "街道",
							"type": "text",
							"id": "street"
						}
					]
				},
				{
					"type": "inputGroup",
					"data": [
						{
							"label": "邮编",
							"type": "text",
							"id": "zip"
						}
					]
				},
				{
					"type": "inputGroup",
					"data": [
						{
							"label": "备注",
							"type": "text",
							"id": "memo"
						}
					]
				}
			]
		},
		{
			"title": "添加联系人",
			"data": [
				{
					"type": "inputGroup",
					"data": [
						{
							"label": "组标",
							"type": "text",
							"id": "addGroupID",
							"value": "",
							"placeholder": "分组ID,不传值则使用默认分组"
						}
					]
				},
				{
					"type": "inputGroup",
					"data": [
						{
							"label": "姓氏",
							"type": "text",
							"id": "addlastname",
							"value": "艾"
						}
					]
				},
				{
					"type": "inputGroup",
					"data": [
						{
							"label": "名字",
							"type": "text",
							"id": "addfirstname",
							"value": "柚子"
						}
					]
				},
				{
					"type": "inputGroup",
					"data": [
						{
							"label": "标签",
							"type": "text",
							"id": "phoneNumberLabel1",
							"value": "私人",
							"placeholder": "可以有多组标签与电话"
						}
					]
				},
				{
					"type": "inputGroup",
					"data": [
						{
							"label": "电话",
							"type": "text",
							"id": "phoneNumber1",
							"value": "18688888888",
							"placeholder": "可以有多组标签与电话"
						}
					]
				},
				{
					"type": "inputGroup",
					"data": [
						{
							"label": "标签",
							"type": "text",
							"id": "phoneNumberLabel2",
							"value": "个人",
							"placeholder": "可以有多组标签与电话"
						}
					]
				},
				{
					"type": "inputGroup",
					"data": [
						{
							"label": "电话",
							"type": "text",
							"id": "phoneNumber2",
							"value": "18688888889",
							"placeholder": "可以有多组标签与电话"
						}
					]
				},
				{
					"type": "inputGroup",
					"data": [
						{
							"label": "邮箱",
							"type": "text",
							"id": "addemail",
							"value": "888888@qq.com"
						}
					]
				},
				{
					"type": "inputGroup",
					"data": [
						{
							"label": "国家",
							"type": "text",
							"id": "addcountry",
							"value": "中国"
						}
					]
				},
				{
					"type": "inputGroup",
					"data": [
						{
							"label": "省份",
							"type": "text",
							"id": "addstate",
							"value": "背景"
						}
					]
				},
				{
					"type": "inputGroup",
					"data": [
						{
							"label": "城市",
							"type": "text",
							"id": "addcity",
							"value": "北京"
						}
					]
				},
				{
					"type": "inputGroup",
					"data": [
						{
							"label": "街道",
							"type": "text",
							"id": "addstr",
							"value": "东城"
						}
					]
				},
				{
					"type": "inputGroup",
					"data": [
						{
							"label": "邮编",
							"type": "text",
							"id": "addzip",
							"value": "142800"
						}
					]
				},
				{
					"type": "inputGroup",
					"data": [
						{
							"label": "公司",
							"type": "text",
							"id": "addcom",
							"value": "柚子科技"
						}
					]
				},
				{
					"type": "inputGroup",
					"data": [
						{
							"label": "职位",
							"type": "text",
							"id": "addtitle",
							"value": "普通员工"
						}
					]
				},
				{
					"type": "inputGroup",
					"data": [
						{
							"label": "备注",
							"type": "text",
							"id": "addnote",
							"value": "爱"
						}
					]
				}
			]
		},
		{
			"title": "删除联系人",
			"data": [
				{
					"type": "inputGroup",
					"data": [
						{
							"label": "标识",
							"type": "text",
							"id": "delename1",
							"value": "",
							"placeholder": "联系人ID,支持同时删除多个联系人"
						}
					]
				},
				{
					"type": "inputGroup",
					"data": [
						{
							"label": "标识",
							"type": "text",
							"id": "delename2",
							"value": "",
							"placeholder": "联系人ID,支持同时删除多个联系人"
						}
					]
				},
				{
					"type": "inputGroup",
					"data": [
						{
							"label": "标识",
							"type": "text",
							"id": "delename3",
							"value": "",
							"placeholder": "联系人ID,支持同时删除多个联系人"
						}
					]
				}
			]
		},
		{
			"title": "修改联系人",
			"data": [
				{
					"type": "inputGroup",
					"data": [
						{
							"label": "标识",
							"type": "text",
							"id": "targname",
							"value": "",
							"placeholder": "要修改联系人的ID"
						}
					]
				},
				{
					"type": "inputGroup",
					"data": [
						{
							"label": "组标",
							"type": "text",
							"id": "modgroupID",
							"value": "",
							"placeholder": "分组ID,不传值则不移动分组"
						}
					]
				},
				{
					"type": "inputGroup",
					"data": [
						{
							"label": "姓氏",
							"type": "text",
							"id": "modlastname",
							"value": "温"
						}
					]
				},
				{
					"type": "inputGroup",
					"data": [
						{
							"label": "名字",
							"type": "text",
							"id": "modfirstname",
							"value": "小爱"
						}
					]
				},
				{
					"type": "inputGroup",
					"data": [
						{
							"label": "标签",
							"type": "text",
							"id": "modNumberLabel1",
							"value": "驴友",
							"placeholder": "可以有多组标签与电话"
						}
					]
				},
				{
					"type": "inputGroup",
					"data": [
						{
							"label": "电话",
							"type": "text",
							"id": "modNumber1",
							"value": "18688888887",
							"placeholder": "可以有多组标签与电话"
						}
					]
				},
				{
					"type": "inputGroup",
					"data": [
						{
							"label": "标签",
							"type": "text",
							"id": "modNumberLabel2",
							"value": "书友",
							"placeholder": "可以有多组标签与电话"
						}
					]
				},
				{
					"type": "inputGroup",
					"data": [
						{
							"label": "电话",
							"type": "text",
							"id": "modNumber2",
							"value": "18677777778",
							"placeholder": "可以有多组标签与电话"
						}
					]
				},
				{
					"type": "inputGroup",
					"data": [
						{
							"label": "邮箱",
							"type": "text",
							"id": "modemail",
							"value": "999999@qq.com"
						}
					]
				},
				{
					"type": "inputGroup",
					"data": [
						{
							"label": "公司",
							"type": "text",
							"id": "modcomp",
							"value": "柚子"
						}
					]
				},
				{
					"type": "inputGroup",
					"data": [
						{
							"label": "职位",
							"type": "text",
							"id": "modpost",
							"value": "WCCEO"
						}
					]
				},
				{
					"type": "inputGroup",
					"data": [
						{
							"label": "国家",
							"type": "text",
							"id": "modcountry",
							"value": "美国"
						}
					]
				},
				{
					"type": "inputGroup",
					"data": [
						{
							"label": "省份",
							"type": "text",
							"id": "modstate",
							"value": "华盛顿"
						}
					]
				},
				{
					"type": "inputGroup",
					"data": [
						{
							"label": "城市",
							"type": "text",
							"id": "modcity",
							"value": "纽约"
						}
					]
				},
				{
					"type": "inputGroup",
					"data": [
						{
							"label": "街道",
							"type": "text",
							"id": "modstr",
							"value": "曼哈顿大街"
						}
					]
				},
				{
					"type": "inputGroup",
					"data": [
						{
							"label": "邮编",
							"type": "text",
							"id": "modzip",
							"value": "20000"
						}
					]
				},
				{
					"type": "inputGroup",
					"data": [
						{
							"label": "备注",
							"type": "text",
							"id": "modmemo",
							"value": "code is poem"
						}
					]
				}
			]
		},
		{
			"title": "查找联系人",
			"data": [
				{
					"type": "inputGroup",
					"data": [
						{
							"label": "标识",
							"type": "text",
							"id": "checkname1",
							"value": "",
							"placeholder": "用户ID,全部为空则查询全部联系人"
						}
					]
				},
				{
					"type": "inputGroup",
					"data": [
						{
							"label": "标识",
							"type": "text",
							"id": "checkname2",
							"value": "",
							"placeholder": "用户ID,全部为空则查询全部联系人"
						}
					]
				},
				{
					"type": "inputGroup",
					"data": [
						{
							"label": "标识",
							"type": "text",
							"id": "checkname3",
							"value": "",
							"placeholder": "用户ID,全部为空则查询全部联系人"
						}
					]
				},
				{
					"type": "inputGroup",
					"data": [
						{
							"label": "组标",
							"type": "text",
							"id": "chegroupid",
							"value": "",
							"placeholder": "分组ID"
						}
					]
				},
				{
					"type": "inputGroup",
					"data": [
						{
							"label": "组名",
							"type": "text",
							"id": "chegroupname",
							"value": ""
						}
					]
				},
				{
					"type": "inputGroup",
					"data": [
						{
							"label": "标识",
							"type": "text",
							"id": "cheid",
							"value": "",
							"placeholder": "用户ID"
						}
					]
				},
				{
					"type": "inputGroup",
					"data": [
						{
							"label": "姓名",
							"type": "text",
							"id": "chename",
							"value": ""
						}
					]
				},
				{
					"type": "inputGroup",
					"data": [
						{
							"label": "电话",
							"type": "text",
							"id": "chephoneNum1",
							"value": "",
							"placeholder": "电话与标签,可能有多个"
						}
					]
				},
				{
					"type": "inputGroup",
					"data": [
						{
							"label": "电话",
							"type": "text",
							"id": "chephoneNum2",
							"value": "",
							"placeholder": "电话与标签,可能有多个"
						}
					]
				},
				{
					"type": "inputGroup",
					"data": [
						{
							"label": "电话",
							"type": "text",
							"id": "chephoneNum3",
							"value": "",
							"placeholder": "电话与标签,可能有多个"
						}
					]
				},
				{
					"type": "inputGroup",
					"data": [
						{
							"label": "邮箱",
							"type": "text",
							"id": "cheemail"
						}
					]
				},
				{
					"type": "inputGroup",
					"data": [
						{
							"label": "公司",
							"type": "text",
							"id": "checomp"
						}
					]
				},
				{
					"type": "inputGroup",
					"data": [
						{
							"label": "职位",
							"type": "text",
							"id": "chepost"
						}
					]
				},
				{
					"type": "inputGroup",
					"data": [
						{
							"label": "国家",
							"type": "text",
							"id": "checountry"
						}
					]
				},
				{
					"type": "inputGroup",
					"data": [
						{
							"label": "省份",
							"type": "text",
							"id": "chestate"
						}
					]
				},
				{
					"type": "inputGroup",
					"data": [
						{
							"label": "城市",
							"type": "text",
							"id": "checity"
						}
					]
				},
				{
					"type": "inputGroup",
					"data": [
						{
							"label": "街道",
							"type": "text",
							"id": "chestreet"
						}
					]
				},
				{
					"type": "inputGroup",
					"data": [
						{
							"label": "邮编",
							"type": "text",
							"id": "chezip"
						}
					]
				},
				{
					"type": "inputGroup",
					"data": [
						{
							"label": "备注",
							"type": "text",
							"id": "chememo"

						}
					
					]
				
				}
			
			]
		
		},
		{
			"title": "关键字查找",
			"data": [
				{
					"type": "inputGroup",
					"data": [
						{
							"label": "关键",
							"type": "text",
							"id": "queryKey",
							"value": "",
							"placeholder": "关键字,为空则查询全部联系人"
						}
					]
				},
				{
					"type": "inputGroup",
					"data": [
						{
							"label": "组标",
							"type": "text",
							"id": "querygroupid",
							"value": "",
							"placeholder": "分组ID"
						}
					]
				},
				{
					"type": "inputGroup",
					"data": [
						{
							"label": "组名",
							"type": "text",
							"id": "querygroupname",
							"value": ""
						}
					]
				},
				{
					"type": "inputGroup",
					"data": [
						{
							"label": "标识",
							"type": "text",
							"id": "queryid",
							"value": "",
							"placeholder": "用户ID"
						}
					]
				},
				{
					"type": "inputGroup",
					"data": [
						{
							"label": "姓名",
							"type": "text",
							"id": "queryname",
							"value": ""
						}
					]
				},
				{
					"type": "inputGroup",
					"data": [
						{
							"label": "电话",
							"type": "text",
							"id": "queryphoneNum1",
							"value": "",
							"placeholder": "电话与标签,可能有多个"
						}
					]
				},
				{
					"type": "inputGroup",
					"data": [
						{
							"label": "电话",
							"type": "text",
							"id": "queryphoneNum2",
							"value": "",
							"placeholder": "电话与标签,可能有多个"
						}
					]
				},
				{
					"type": "inputGroup",
					"data": [
						{
							"label": "电话",
							"type": "text",
							"id": "queryphoneNum3",
							"value": "",
							"placeholder": "电话与标签,可能有多个"
						}
					]
				},
				{
					"type": "inputGroup",
					"data": [
						{
							"label": "邮箱",
							"type": "text",
							"id": "queryemail"
						}
					]
				},
				{
					"type": "inputGroup",
					"data": [
						{
							"label": "公司",
							"type": "text",
							"id": "querycomp"
						}
					]
				},
				{
					"type": "inputGroup",
					"data": [
						{
							"label": "职位",
							"type": "text",
							"id": "querypost"
						}
					]
				},
				{
					"type": "inputGroup",
					"data": [
						{
							"label": "国家",
							"type": "text",
							"id": "querycountry"
						}
					]
				},
				{
					"type": "inputGroup",
					"data": [
						{
							"label": "省份",
							"type": "text",
							"id": "querystate"
						}
					]
				},
				{
					"type": "inputGroup",
					"data": [
						{
							"label": "城市",
							"type": "text",
							"id": "querycity"
						}
					]
				},
				{
					"type": "inputGroup",
					"data": [
						{
							"label": "街道",
							"type": "text",
							"id": "querystreet"
						}
					]
				},
				{
					"type": "inputGroup",
					"data": [
						{
							"label": "邮编",
							"type": "text",
							"id": "queryzip"
						}
					]
				},
				{
					"type": "inputGroup",
					"data": [
						{
							"label": "备注",
							"type": "text",
							"id": "querymemo"

						}
					
					]
				
				}
			
			]
		
		},
		{
			"title": "创建分组",
			"data": [
				{
					"type": "inputGroup",
					"data": [
						{
							"label": "组名",
							"type": "text",
							"id": "createGroup",
							"value": ""
						}
					]
				}
			]
		},
		{
			"title": "查看分组",
			"data": [
				{
					"type": "inputGroup",
					"data": [
						{
							"label": "组标",
							"type": "text",
							"id": "getGroupid",
							"value": "",
							"placeholder": "第一个分组的ID"
						}
					]
				},
				{
					"type": "inputGroup",
					"data": [
						{
							"label": "组名",
							"type": "text",
							"id": "getGroupname",
							"value": "",
							"placeholder": "第一个分组的名称"
						}
					]
				}
			]
		},
		{
			"title": "分组查询",
			"data": [
				{
					"type": "inputGroup",
					"data": [
						{
							"label": "组标",
							"type": "text",
							"id": "groupContact",
							"value": "",
							"placeholder": "要查询分组的ID"
						}
					]
				},
				{
					"type": "inputGroup",
					"data": [
						{
							"label": "组标",
							"type": "text",
							"id": "chegroupgroupid",
							"value": "",
							"placeholder": "联系人所在分组ID"
						}
					]
				},
				{
					"type": "inputGroup",
					"data": [
						{
							"label": "组名",
							"type": "text",
							"id": "chegroupgroupname",
							"value": ""
						}
					]
				},
				{
					"type": "inputGroup",
					"data": [
						{
							"label": "标识",
							"type": "text",
							"id": "chegroupfirstid",
							"value": "",
							"placeholder": "用户ID"
						}
					]
				},
				{
					"type": "inputGroup",
					"data": [
						{
							"label": "姓名",
							"type": "text",
							"id": "chegroupfirstname",
							"value": ""
						}
					]
				},
				{
					"type": "inputGroup",
					"data": [
						{
							"label": "电话",
							"type": "text",
							"id": "chegroupfirstphoneNum1",
							"value": "",
							"placeholder": "电话与标签,可能有多个"
						}
					]
				},
				{
					"type": "inputGroup",
					"data": [
						{
							"label": "电话",
							"type": "text",
							"id": "chegroupfirstphoneNum2",
							"value": "",
							"placeholder": "电话与标签,可能有多个"
						}
					]
				},
				{
					"type": "inputGroup",
					"data": [
						{
							"label": "电话",
							"type": "text",
							"id": "chegroupfirstphoneNum3",
							"value": "",
							"placeholder": "电话与标签,可能有多个"
						}
					]
				},
				{
					"type": "inputGroup",
					"data": [
						{
							"label": "邮箱",
							"type": "text",
							"id": "chegroupfirstemail"
						}
					]
				},
				{
					"type": "inputGroup",
					"data": [
						{
							"label": "公司",
							"type": "text",
							"id": "chegroupfirstcomp"
						}
					]
				},
				{
					"type": "inputGroup",
					"data": [
						{
							"label": "职位",
							"type": "text",
							"id": "chegroupfirstpost"
						}
					]
				},
				{
					"type": "inputGroup",
					"data": [
						{
							"label": "国家",
							"type": "text",
							"id": "chegroupfirstcountry"
						}
					]
				},
				{
					"type": "inputGroup",
					"data": [
						{
							"label": "省份",
							"type": "text",
							"id": "chegroupfirststate"
						}
					]
				},
				{
					"type": "inputGroup",
					"data": [
						{
							"label": "城市",
							"type": "text",
							"id": "chegroupfirstcity"
						}
					]
				},
				{
					"type": "inputGroup",
					"data": [
						{
							"label": "街道",
							"type": "text",
							"id": "chegroupfirststreet"
						}
					]
				},
				{
					"type": "inputGroup",
					"data": [
						{
							"label": "邮编",
							"type": "text",
							"id": "chegroupfirstzip"
						}
					]
				},
				{
					"type": "inputGroup",
					"data": [
						{
							"label": "备注",
							"type": "text",
							"id": "chegroupfirstmemo"

						}
					
					]
				
				}
			
			]
		
		},
		{
			"title": "修改分组",
			"data": [
				{
					"type": "inputGroup",
					"data": [
						{
							"label": "组标",
							"type": "text",
							"id": "getmodGroupid",
							"value": "",
							"placeholder": "要修改分组的ID.iOS不支持此接口"
						}
					]
				},
				{
					"type": "inputGroup",
					"data": [
						{
							"label": "组名",
							"type": "text",
							"id": "getmodGroupname",
							"value": "",
							"placeholder": "修改后分组的名称.iOS不支持此接口"
						}
					]
				}
			]
		},
		{
			"title": "删除分组",
			"data": [
				{
					"type": "inputGroup",
					"data": [
						{
							"label": "组标",
							"type": "text",
							"id": "getdeleteGroupid",
							"value": "",
							"placeholder": "要删除分组的ID"
						}
					]
				}
			]
		},
		{
			"title": "牛刀小试",
			"data": [
				{
					"type": "buttonGroup",
					"data":[
						{
							"text": "读取联系人",
							"type": "info",
							"click": "read"
						},
						{
							"text": "添加联系人",
							"type": "info",
							"click": "add"
						},
						{
							"text": "删除联系人",
							"type": "info",
							"click": "deleteCon"
						}
					]
				},
				{
					"type": "buttonGroup",
					"data":[
						{
							"text": "修改联系人",
							"type": "info",
							"click": "modification"
						},
						{
							"text": "查找联系人",
							"type": "info",
							"click": "checkOut"
						},
						{
							"text": "关键字查找",
							"type": "info",
							"click": "queryOut"
						}
					]
				},
				{
					"type": "buttonGroup",
					"data":[
						{
							"text": "创建分组",
							"type": "info",
							"click": "createGroups"
						},
						{
							"text": "查看分组",
							"type": "info",
							"click": "queryallGroups"
						},
						{
							"text": "分组查询",
							"type": "info",
							"click": "checkGroupOut"
						}
					]
				},
				{
					"type": "buttonGroup",
					"data":[
						{
							"text": "修改分组",
							"type": "info",
							"click": "modgroupname"
						},
						{
							"text": "删除分组",
							"type": "info",
							"click": "deletegroupname"
						}
					]
				}
			]	
		},
		{
			"title": "示例代码",
			"data": [
				{
					"type": "codeBlock",
					"data": "var contact = api.require('contact');\ncontact.openContact(function(ret,err) {\n    if(ret.status) {\nvar array = ret.phones;\n        var firstnum = array[0];\nvar secondnum = array[1];\n        var thirdnum = array[2];\n    }else{\n        api.alert({msg:'用户取消'});\n    }});"}
			]	
		}
	]
}