{
	"title": "数据库",
	"data":[
		{
			"title": "基础设置",
			"data": [
				{
					"type": "inputGroup",
					"data": [
						{
							"label": "名称",
							"type": "text",
							"id": "dbname",
							"value": "Test",
							"placeholder": "数据库名称"
						}
					]
				},
				{
					"type": "inputGroup",
					"data": [
						{
							"label": "事务",
							"type": "text",
							"id": "transType",
							"value": "begin",
							"placeholder": "begin commit rollback"
						}
					]
				}
			]
		},
		{
			"title": "操作语句",
			"data": [
				{
					"type": "inputGroup",
					"data": [
						{
							"label": "创建",
							"type": "text",
							"id": "sql2",
							"value": "CREATE TABLE Persons(Id_P int, LastName varchar(255), FirstName varchar(255), Address varchar(255), City varchar(255));"
						}
					]
				},
				{
					"type": "inputGroup",
					"data": [
						{
							"label": "添加",
							"type": "text",
							"id": "sql",
							"value": "INSERT INTO Persons VALUES (1, \"Gates\", \"Bill\", \"Xuanwumen 10\", \"Beijing\");"
						}
					]
				},
				{
					"type": "inputGroup",
					"data": [
						{
							"label": "删除",
							"type": "text",
							"id": "sql3",
							"value": "DROP TABLE Persons;"
						}
					]
				},
				{
					"type": "inputGroup",
					"data": [
						{
							"label": "查询",
							"type": "text",
							"id": "sql1",
							"value": "SELECT * FROM Persons;"
						}
					]
				}
			]
		},
		{
			"title": "牛刀小试",
			"data": [

				{
					"type": "inputGroup",
					"data": [
						{
							"label": "查询",
							"type": "text",
							"id": "dbInfo",
							"value": "查询结果"
						}
					]
				}
				,
				{
					"type": "buttonGroup",
					"data":[
						{
							"text": "打开",
							"type": "primary",
							"click": "objOpenDb"
						},
						{
							"text": "执行事务",
							"type": "info",
							"click": "objTrans"
						},
						{
							"text": "关闭",
							"type": "danger",
							"click": "objClose"
						}
					]
				},
				{
					"type": "buttonGroup",
					"data":[
						{
							"text": "创建",
							"type": "info",
							"click": "objExec1"
						},
						{
							"text": "添加",
							"type": "info",
							"click": "objExec"
						},
						{
							"text": "删除",
							"type": "danger",
							"click": "objDelete"
						},
						{
							"text": "查询",
							"type": "info",
							"click": "objSelect"
						}
					]
				}
			]	
		},
		{
			"title": "示例代码",
			"data": [
				{
					"type": "codeBlock",
					"data": "var db = api.require('db');\ndb.openDatabase({\n    name: 'test'\n}, function(ret, err){\n    if(ret.status){\n        api.alert({msg:'数据库打开成功'});\n}else{\n        api.alert({msg:err.msg});\n    }\n});"
				}
			]	
		}
	]
}