{
	"title": "弹出框",
	"data":[
		{
			"title": "牛刀小试",
			"data": [
				{
					"type": "buttonGroup",
					"data":[
						{
							"text": "确认框",
							"type": "primary",
							"click": "uzConfirm"
						},
						{
							"text": "提示框",
							"type": "info",
							"click": "uzPrompt"
						},
						{
							"text": "警告框",
							"type": "warning",
							"click": "uzAlert"
						}
					]
				}
			]	
		},
		{
			"title": "示例代码",
			"data": [
				{
					"type": "codeBlock",
					"data": "function uzAlert(){\n    api.alert({\n    title: '我是alert框',\n        msg: \"我是alert内容\",\n        buttons: ['嗯哼']\n    }, function(ret, err){\n    });\n}"
				}
			]	
		}
	]
}