{
	"title": "文档阅读器",
	"data":[
		{
			"title": "基础设置",
			"data": [
				{
					"type": "inputGroup",
					"data": [
						{
							"label": "文档地址",
							"type": "text",
							"id": "pathUrl",
							"value": "widget://image/docReader/test.doc"
						}
					]
				}
			]
		},
		{
			"title": "牛刀小试",
			"data": [
				{
					"type": "buttonGroup",
					"data":[
						{
							"text": "打开文档",
							"type": "primary",
							"click": "opendocandpdf"
						}
					]
				}
			]	
		},
		{
			"title": "示例代码",
			"data": [
				{
					"type": "codeBlock",
					"data": "var obj = api.require('docReader');\nobj.open({\n   path: 'widget://image/test1.docx'\n});\n"
				}
			]	
		}
	]
}