{
	"title": "文件下载",
	"data":[
		{
			"title": "基础设置",
			"data": [
				{
					"type": "inputGroup",
					"data": [
						{
							"label": "文件地址",
							"type": "text",
							"id": "url1",
							"value": "http://apicloudvideo.qiniudn.com/OK1.mp4"
						}
					]
				},
				{
					"type": "inputGroup",
					"data": [
						{
							"label": "缓存路径",
							"type": "text",
							"id": "url2",
							"value": "fs://temp.mp4",
							"placeholder": "路径不支持中文"
						}
					]
				}
			]
		},
		{
			"title": "高级设置",
			"data": [
				{
					"type": "inputGroup",
					"data": [
						{
							"label": "查看进度",
							"type": "text",
							"placeholder": "1,查看;0,不查看",
							"id": "report",
							"value": "1"
						}
					]
				},
				{
					"type": "inputGroup",
					"data": [
						{
							"label": "本地缓存",
							"type": "text",
							"placeholder": "1,使用;0,不使用",
							"id": "cache",
							"value": "1"
						}
					]
				},
				{
					"type": "inputGroup",
					"data": [
						{
							"label": "断点续传",
							"type": "text",
							"placeholder": "1,使用;0,不使用",
							"id": "resume",
							"value": "1"
						}
					]
				}
			]
		},
		{
			"title": "牛刀小试",
			"data": [
				{
					"type": "inputGroup",
					"data": [
						{
							"label": "下载状态",
							"type": "text",
							"id": "showMsg",
							"placeholder": "文件的下载状态",
							"disabled": "disabled"
						}
					]
				},
				{
					"type": "inputGroup",
					"data": [
						{
							"label": "存储路径",
							"type": "text",
							"id": "showPath",
							"value": "",
							"disabled": "disabeld"
						}
					]
				},
				{
					"type": "buttonGroup",
					"data":[
						{
							"text": "下载",
							"type": "primary",
							"click": "download"
						},
						{
							"text": "查看",
							"type": "info",
							"click": "openIt"
						},
						{
							"text": "取消",
							"type": "warning",
							"click": "cancelDownload"
						}
					]
				}
			]	
		},
		{
			"title": "示例代码",
			"data": [
				{
					"type": "codeBlock",
					"data": "api.download(\njson,function(ret,err){\nif (ret) {\n$api.val($api.byId('showMsg'),('文件大小:'+ret.fileSize+';下载进度:'+ret.percent+';下载状态:'+ret.state));\nif (ret.savePath) {\n  $api.val($api.byId('showPath'),(ret.savePath));\n};\n}else{\n$api.val($api.byId('showMsg'),err.msg);\n$api.val($api.byId('showPath'),(''));\n};\n}\n);\n"
				}
			]	
		}
	]
}