{
	"title": "下载管理",
	"data":[
		{
			"title": "牛刀小试",
			"data": [
				{
					"type": "buttonGroup",
					"data":[
						{
							"text": "下载MP4",
							"type": "info",
							"click": "startdown"
						},
						{
							"text": "下载MP3",
							"type": "info",
							"click": "startdown1"
						},
						{
							"text": "下载APP",
							"type": "info",
							"click": "startdown2"
						}
					]
				},
				{
					"type": "buttonGroup",
					"data":[
						{
							"text": "打开下载界面",
							"type": "info",
							"click": "openview"
						},
						{
							"text": "查询下载信息",
							"type": "info",
							"click": "query"
						}
					]
				}
			]	
		},
		{
			"title": "示例代码",
			"data": [
				{
					"type": "codeBlock",
					"data": "var manager = api.require('downloadManager');\nmanager. openManagerView ({\ntitle: '下载'\n}, function(ret){\nvar id = ret.id;\nvar mimeType = ret.mimeType;\nvar savePath = ret.savePath;\n    manager.openDownloadedFile ({\nid: id\n},function(ret,err){\nif (ret.status) {\n\n} else {\nvar msg = ret.msg;\n}\n    });\n});"}
			]	
		}
	]
}