{
	"title": "事件监听",
	"data":[
		{
			"title": "牛刀小试",
			"data": [
				{
					"type": "buttonGroup",
					"data":[
						{
							"text": "不监听应用后台运行",
							"type": "info",
							"click": "rmPause"
						}
					]
				},
				{
					"type": "buttonGroup",
					"data":[
						{
							"text": "不监听网络状态",
							"type": "info",
							"click": "rmNetListen"
						}
					]
				},
				{
					"type": "buttonGroup",
					"data":[
						{
							"text": "不监听电池电量",
							"type": "info",
							"click": "rmBatSta"
						}
					]
				},
				{
					"type": "buttonGroup",
					"data":[
						{
							"text": "打开测试页面",
							"type": "info",
							"click": "openWin"
						}
					]
				},
				{
					"type": "buttonGroup",
					"data":[
						{
							"text": "不监听页面显示/消失",
							"type": "info",
							"click": "viewShow"
						}
					]
				},
				{
					"type": "buttonGroup",
					"data":[
						{
							"text": "错误调用一次引擎接口",
							"type": "info",
							"click": "retError"
						}
					]
				},
				{
					"type": "buttonGroup",
					"data":[
						{
							"text": "停止监听滚动到底部",
							"type": "info",
							"click": "removeScroll"
						}
					]
				},
				{
					"type": "buttonGroup",
					"data":[
						{
							"text": "停止监听返回键",
							"type": "info",
							"click": "removeKeyback"
						}
					]
				},
				{
					"type": "buttonGroup",
					"data":[
						{
							"text": "停止监听菜单键",
							"type": "info",
							"click": "removeKeymenu"
						}
					]
				},
				{
					"type": "buttonGroup",
					"data":[
						{
							"text": "停止监听点击事件",
							"type": "info",
							"click": "removeTap"
						}
					]
				},
				{
					"type": "buttonGroup",
					"data":[
						{
							"text": "停止监听设备摇动",
							"type": "info",
							"click": "removeShake"
						}
					]
				},
				{
					"type": "buttonGroup",
					"data":[
						{
							"text": "停止监听错误",
							"type": "info",
							"click": "removeError"
						}
					]
				}
			]	
		},
		{
			"title": "示例代码",
			"data": [
				{
					"type": "codeBlock",
					"data": "api.execScript({\nscript: 'removeBack();'\n});"
				}
			]	
		}
	]
}