{
	"title": "文件读写",
	"data":[
		{
			"title": "路径设置",
			"data": [
				{
					"type": "inputGroup",
					"data": [
						{
							"label": "写入路径",
							"type": "text",
							"id": "file2",
							"value": "fs://test.txt"
						}
					]
				},
				{
					"type": "inputGroup",
					"data": [
						{
							"label": "读取路径",
							"type": "text",
							"id": "file1",
							"value": "fs://test.txt"
						}
					]
				}
			]
		},
		{
			"title": "牛刀小试",
			"data": [
				{
					"type": "inputGroup",
					"data": [
						{
							"label": "写入内容",
							"type": "text",
							"id": "text2",
							"value": "文件写入测试"
						}
					]
				},
				{
					"type": "inputGroup",
					"data": [
						{
							"label": "读取内容",
							"type": "text",
							"id": "fileData",
							"disabled": "disabeld"
						}
					]
				}
				,
				{
					"type": "buttonGroup",
					"data":[
						{
							"text": "写入文件",
							"type": "primary",
							"click": "writeFile"
						},
						{
							"text": "读取文件",
							"type": "info",
							"click": "readFile"
						}
					]
				}
			]	
		},
		{
			"title": "示例代码",
			"data": [
				{
					"type": "codeBlock",
					"data": "api.writeFile({\npath: \"fs://test.txt\",\ndata: \"写入文件测试\"\n}, function(ret, err){\nvar status = ret.status;\nif(status){\napi.alert({msg:'写入文件成功'});\n}else{\napi.alert({msg:err.msg});\n}\n});"
				}
			]	
		}
	]
}