{
	"title": "文件浏览",
	"data":[
		{
			"title": "牛刀小试",
			"data": [
				{
					"type": "buttonGroup",
					"data":[
						{
							"text": "打开文件浏览器",
							"type": "primary",
							"click": "openFileBrowser"
						}
					]
				}
			]	
		},
		{
			"title": "示例代码",
			"data": [
				{
					"type": "codeBlock",
					"data": "var fb = api.require('fileBrowser');\nfb.open( \n    function(ret,err) {\n        api.alert({\n            title: '本文件url',\n            msg: ret.url\n        });\n});"
				}
			]	
		}
	]
}