{
	"title": "悬浮按钮演示",
	"data":[
		{
			"title": "边框设置",
			"data": [
				{
					"type": "inputGroup",
					"data": [
						{
							"label": "图标路径",
							"type": "text",
							"id": "iconField",
							"value": "widget://image/floatBox.png"
						}
					]
				},
				{
					"type": "inputGroup",
					"data": [
						{
							"label": "显示时间",
							"type": "text",
							"id": "durationField",
							"value": "5000"
						}
					]
				}
			]
		},
		{
			"title": "牛刀小试",
			"data": 
			[
				{
					"type": "buttonGroup",
					"data":[
						{
							"text": "显示悬浮按钮",
							"type": "primary",
							"click": "showFloatBox"
						}
					]
				}
			]	
		},
		{
			"title": "示例代码",
			"data": [
				{
					"type": "codeBlock",
					"data": "api.showFloatBox({\niconPath: 'widget://image/floatBox.png',\nduration: 5000\n});"
				}
			]	
		}
	]
}