{
	"title": "文件系统",
	"data":[
		{
			"title": "基础设置",
			"data": [
				{
					"type": "inputGroup",
					"data": [
						{
							"label": "起始位置",
							"type": "text",
							"id": "offset",
							"value": "0",
							"placeholder": "文件读取的起始位置"
						}
					]
				},
				{
					"type": "inputGroup",
					"data": [
						{
							"label": "读取长度",
							"type": "text",
							"id": "length",
							"value": "0",
							"placeholder": "读取内容的长度"
						}
					]
				},
				{
					"type": "inputGroup",
					"data": [
						{
							"label": "文件路径",
							"type": "text",
							"id": "file1",
							"value": "fs://test.txt",
							"placeholder": "文件或目录路径"
						}
					]
				},
				{
					"type": "inputGroup",
					"data": [
						{
							"label": "目标路径",
							"type": "text",
							"id": "file2",
							"value": "fs://test.txt",
							"placeholder": "用于拷贝,移动,重命名文件"
						}
					]
				},
				{
					"type": "inputGroup",
					"data": [
						{
							"label": "打开方式",
							"type": "text",
							"id": "fileOpenFlags",
							"value": "read_write",
							"placeholder": "read write read_write"
						}
					]
				},
				{
					"type": "inputGroup",
					"data": [
						{
							"label": "文件内容",
							"type": "text",
							"id": "text",
							"placeholder": "用于文件的读写",
                            "value": "APICloud, 重新定义移动开发!"
						}
					]
				}
			]
		},
		{
			"title": "牛刀小试",
			"data": [
				{
					"type": "buttonGroup",
					"data":[
						{
							"text": "创建目录",
							"type": "info",
							"click": "objCreateDir"
						},
						{
							"text": "创建文件",
							"type": "info",
							"click": "objCreateFile"
						},
						{
							"text": "删除文件",
							"type": "info",
							"click": "objRemove"
						}
					]
				},
				{
					"type": "buttonGroup",
					"data":[
						{
							"text": "拷贝文件",
							"type": "info",
							"click": "objCopyTo"
						},
						{
							"text": "移动文件",
							"type": "info",
							"click": "objMoveTo"
						},
						{
							"text": "重命名",
							"type": "info",
							"click": "objRename"
						}
					]
				},
				{
					"type": "buttonGroup",
					"data":[
						{
							"text": "列出目录内容",
							"type": "info",
							"click": "objReadDir"
						},
						{
							"text": "打开文件",
							"type": "info",
							"click": "objOpen"
						},
						{
							"text": "关闭文件",
							"type": "info",
							"click": "objClose"
						}
					]
				},
				{
					"type": "buttonGroup",
					"data":[
						{
							"text": "读取文件",
							"type": "info",
							"click": "objRead"
						},
						{
							"text": "写入文件",
							"type": "info",
							"click": "objWrite"
						},
						{
							"text": "判断文件存在性",
							"type": "info",
							"click": "objExistFile"
						}
					]
				},
				{
					"type": "buttonGroup",
					"data":[
						{
							"text": "向上翻页",
							"type": "info",
							"click": "readUp"
						},
						{
							"text": "向下翻页",
							"type": "info",
							"click": "readDown"
						}
					]
				}
			]	
		},
		{
			"title": "示例代码",
			"data": [
				{
					"type": "codeBlock",
					"data": "var fs = api.require('fs');\nfs.createDir({\npath: 'fs://newDir'\n},function(ret,err){\nvar status = ret.status;\nif (status) {\napi.alert({msg:'创建目录成功'});\n}else {\napi.alert({msg:err.msg});\n};\n});"
				}
			]	
		}
	]
}