{
	"title": "定位",
	"data":[
		{
			"title": "基础设置",
			"data": [
				{
					"type": "inputGroup",
					"data": [
						{
							"label": "最小位移",
							"type": "text",
							"id": "filDou",
							"value": "1",
							"placeholder":"单位:米;更新位置所需的移动距离"
						}
					]
				},
				{
					"type": "inputGroup",
					"data": [
						{
							"label": "定位精度",
							"type": "text",
							"id": "accuracy",
							"value": "3km",
							"placeholder": "3km 1km 100m 10m"
						}
					]
				},
				{
					"type": "inputGroup",
					"data": [
						{
							"label": "自动停止",
							"type": "text",
							"id": "autoStop",
							"value": "true",
							"placeholder": "true/false,获取到信息后是否自动停止定位"
						}
					]
				}
			]
		},
		{
			"title": "牛刀小试",
			"data": [

				{
					"type": "inputGroup",
					"data": [
						{
							"label": "经度",
							"type": "text",
							"id": "infoLon",
							"disabled": "disabeld",
							"placeholder": "所在位置的经度"
						}
					]
				},
				{
					"type": "inputGroup",
					"data": [
						{
							"label": "纬度",
							"type": "text",
							"id": "infoLat",
							"disabled": "disabled",
							"placeholder": "所在位置的纬度"
						}
					]
				},
				{
					"type": "inputGroup",
					"data": [
						{
							"label": "时间",
							"type": "text",
							"id": "updateTime",
							"disabled": "disabled",
							"placeholder": "上次定位的时间戳"
						}
					]
				},
				{
					"type": "buttonGroup",
					"data":[
						{
							"text": "开始记录",
							"type": "primary",
							"click": "start"
						},
						{
							"text": "获取信息",
							"type": "info",
							"click": "getGeo"
						},
						{
							"text": "停止记录",
							"type": "warning",
							"click": "stopGeo"
						}
					]
				}
			]	
		},
		{
			"title": "示例代码",
			"data": [
				{
					"type": "codeBlock",
					"data": "api.startLocation(\n    {\n        accuracy:  acc,\nfilter: filDou,\n        autoStop:  auto\n    },\n\n    function(ret, err){\n        var sta = ret.status;\n        var lat = ret.latitude;\n        var lon = ret.longitude;\n        var t = ret.timestamp;\n        if(sta){\n            var str = '经度：'+ lon +'<br>';\n            str += '纬度：'+ lat +'<br>';\n            str += '更新时间：'+ t +'<br>';\n            $api.byId('info').innerHTML = str;\n        }else{\n            api.alert({msg:err.msg});\n        }\n});"
				}
			]	
		}
	]
}