{
	"title": "获取媒体文件",
	"data":[
		{
			"title": "基础设置",
			"data": [
				{
					"type": "inputGroup",
					"data": [
						{
							"label": "媒体类型",
							"type": "text",
							"id": "mediaValue",
							"value": "all",
							"placeholder": "pic video all"
						}
					]
				},
				{
					"type": "inputGroup",
					"data": [
						{
							"label": "数据格式",
							"type": "text",
							"id": "medImageDataType",
							"value": "url"
						}
					]
				}
			]
		},
		{
			"title": "图片设置",
			"data": [
				{
					"type": "inputGroup",
					"data": [
						{
							"label": "图片质量",
							"type": "text",
							"placeholder": "0~100之间的整数",
							"id": "quality"
						}
					]
				},
				{
					"type": "inputGroup",
					"data": [
						{
							"label": "图片宽度",
							"type": "text",
							"placeholder": "长度和宽度需同时设置",
							"id": "qualiW",
							"value":""
						}
					]
				},
				{
					"type": "inputGroup",
					"data": [
						{
							"label": "图片高度",
							"type": "text",
							"placeholder": "长度和宽度需同时设置",
							"id": "qualiH",
							"value": ""
						}
					]
				}
			]
		},
		{
			"title": "牛刀小试",
			"data": [
				{
					"type": "buttonGroup",
					"data":[
						{
							"text": "图片库",
							"type": "info",
							"click": "getPicture"
						},
						{
							"text": "摄像头",
							"type": "info",
							"click": "getPhoto"
						},
						{
							"text": "相册",
							"type": "info",
							"click": "getByAblum"
						}
					]
				},
				{
					"type": "buttonGroup",
					"data":[
						{
							"text": "播放视频",
							"type": "info",
							"click": "play"
						}
					]
				}
			]	
		},
		{
			"title": "示例代码",
			"data": [
				{
					"type": "codeBlock",
					"data": "api.getPicture(data, function(ret, err){\n    if (ret) {\n        pictureBack(tagImgs,ret.data,ret.duration);\n    } else{\n        api.alert({msg:err.msg});\n    };\n                                        });"
				}
			]	
		}
	]
}