{
	"title": "图片浏览",
	"data":[
		{
			"title": "图片路径",
			"data": [
				{
					"type": "inputGroup",
					"data": [
						{
							"label": "图01路径",
							"type": "text",
							"id": "imageUrl_0",
							"value": "widget://image/imageBrowser/test.jpg"
						}
					]
				},
				{
					"type": "inputGroup",
					"data": [
						{
							"label": "图02路径",
							"type": "text",
							"id": "imageUrl_1",
							"value": "widget://image/imageBrowser/test.jpg"
						}
					]
				},
				{
					"type": "inputGroup",
					"data": [
						{
							"label": "图03路径",
							"type": "text",
							"id": "imageUrl_2",
							"value": "widget://image/imageBrowser/test.jpg"
						}
					]
				},
				{
					"type": "inputGroup",
					"data": [
						{
							"label": "图04路径",
							"type": "text",
							"id": "imageUrl_3",
							"value": "widget://image/imageBrowser/test.jpg"
						}
					]
				},
				{
					"type": "inputGroup",
					"data": [
						{
							"label": "图05路径",
							"type": "text",
							"id": "imageUrl_4",
							"value": "widget://image/imageBrowser/test.jpg"
						}
					]
				},
				{
					"type": "inputGroup",
					"data": [
						{
							"label": "图06路径",
							"type": "text",
							"id": "imageUrl_5",
							"value": "widget://image/imageBrowser/test.jpg"
						}
					]
				},
				{
					"type": "inputGroup",
					"data": [
						{
							"label": "图07路径",
							"type": "text",
							"id": "imageUrl_6",
							"value": "widget://image/imageBrowser/test.jpg"
						}
					]
				},
				{
					"type": "inputGroup",
					"data": [
						{
							"label": "图08路径",
							"type": "text",
							"id": "imageUrl_7",
							"value": "widget://image/imageBrowser/test.jpg"
						}
					]
				},
				{
					"type": "inputGroup",
					"data": [
						{
							"label": "图09路径",
							"type": "text",
							"id": "imageUrl_8",
							"value": "widget://image/imageBrowser/test.jpg"
						}
					]
				},
				{
					"type": "inputGroup",
					"data": [
						{
							"label": "图10路径",
							"type": "text",
							"id": "imageUrl_9",
							"value": "widget://image/imageBrowser/test.jpg"
						}
					]
				},
				{
					"type": "inputGroup",
					"data": [
						{
							"label": "图11路径",
							"type": "text",
							"id": "imageUrl_10",
							"value": "widget://image/imageBrowser/test.jpg"
						}
					]
				},
				{
					"type": "inputGroup",
					"data": [
						{
							"label": "图12路径",
							"type": "text",
							"id": "imageUrl_11",
							"value": "widget://image/imageBrowser/test.jpg"
						}
					]
				},
				{
					"type": "inputGroup",
					"data": [
						{
							"label": "图13路径",
							"type": "text",
							"id": "imageUrl_12",
							"value": "widget://image/imageBrowser/test.jpg"
						}
					]
				},
				{
					"type": "inputGroup",
					"data": [
						{
							"label": "图14路径",
							"type": "text",
							"id": "imageUrl_13",
							"value": "widget://image/imageBrowser/test.jpg"
						}
					]
				},
				{
					"type": "inputGroup",
					"data": [
						{
							"label": "图15路径",
							"type": "text",
							"id": "imageUrl_14",
							"value": "widget://image/imageBrowser/test.jpg"
						}
					]
				},
				{
					"type": "inputGroup",
					"data": [
						{
							"label": "图16路径",
							"type": "text",
							"id": "imageUrl_15",
							"value": "widget://image/imageBrowser/test.jpg"
						}
					]
				},
				{
					"type": "inputGroup",
					"data": [
						{
							"label": "图17路径",
							"type": "text",
							"id": "imageUrl_16",
							"value": "widget://image/imageBrowser/test.jpg"
						}
					]
				},
				{
					"type": "inputGroup",
					"data": [
						{
							"label": "图18路径",
							"type": "text",
							"id": "imageUrl_17",
							"value": "widget://image/imageBrowser/test.jpg"
						}
					]
				},
				{
					"type": "inputGroup",
					"data": [
						{
							"label": "图19路径",
							"type": "text",
							"id": "imageUrl_18",
							"value": "widget://image/imageBrowser/test.jpg"
						}
					]
				},
				{
					"type": "inputGroup",
					"data": [
						{
							"label": "图20路径",
							"type": "text",
							"id": "imageUrl_19",
							"value": "widget://image/imageBrowser/test.jpg"
						}
					]
				},
				{
					"type": "inputGroup",
					"data": [
						{
							"label": "图21路径",
							"type": "text",
							"id": "imageUrl_20",
							"value": "widget://image/imageBrowser/test.jpg"
						}
					]
				},
				{
					"type": "inputGroup",
					"data": [
						{
							"label": "图22路径",
							"type": "text",
							"id": "imageUrl_21",
							"value": "widget://image/imageBrowser/test.jpg"
						}
					]
				}
			]
		},
		{
			"title": "牛刀小试",
			"data": [
				{
					"type": "buttonGroup",
					"data":[
						{
							"text": "打开图片浏览器",
							"type": "primary",
							"click": "openimageAry"
						}
					]
				}
			]	
		},
		{
			"title": "示例代码",
			"data": [
				{
					"type": "codeBlock",
					"data": "var obj = api.require('imageBrowser');\nobj.openImages({\n    imageUrls: ['fs://a.png', 'fs://b.png'],\n    showList:true,\n    activeIndex:2\n});"
				}
			]	
		}
	]
}