{
	"title": "输入框",
	"data":[
		{
			"title": "颜色设置",
			"data": [
				{
					"type": "inputGroup",
					"data": [
						{
							"label": "背景颜色值",
							"type": "text",
							"id": "menutypes",
							"value": "#f2f2f2"
						}
					]
				},
				{
					"type": "inputGroup",
					"data": [
						{
							"label": "分割线颜色",
							"type": "text",
							"id": "viewx",
							"value": "#d9d9d9"
						}
					]
				},
				{
					"type": "inputGroup",
					"data": [
						{
							"label": "输入框背景",
							"type": "text",
							"id": "viewy",
							"value": "#FFF"
						}
					]
				},
				{
					"type": "inputGroup",
					"data": [
						{
							"label": "输入框边框",
							"type": "text",
							"id": "centerimgpath",
							"value": "#b3b3b3"
						}
					]
				}
			]
		},
		{
			"title": "按钮图片",
			"data": [
				{
					"type": "inputGroup",
					"data": [
						{
							"label": "常态图片",
							"type": "text",
							"id": "centerimgpathlight",
							"value": "widget://image/inputField/sentImg.png"
						}
					]
				},
				{
					"type": "inputGroup",
					"data": [
						{
							"label": "点击图片",
							"type": "text",
							"id": "centerimgpathheight",
							"value": "widget://image/inputField/sentImgHigh.png"
						}
					]
				}
			]
		},
		{
			"title": "牛刀小试",
			"data": [
				{
					"type": "inputGroup",
					"data": [
						{
							"label": "文字输入",
							"type": "text",
							"id": "sendMessage",
							"disabled": "disabled",
							"placeholder": "您在输入框中输入的文字"
						}
					]
				}
				,
				{
					"type": "buttonGroup",
					"data":[
						{
							"text": "打开",
							"type": "primary",
							"click": "openInputView"
						},
						{
							"text": "关闭",
							"type": "danger",
							"click": "closeInputView"
						}
					]
				}
                     ,
                     {
                     "type": "buttonGroup",
                     "data":[
                             {
                             "text": "显示",
                             "type": "info",
                             "click": "showInputView"
                             },
                             {
                             "text": "隐藏",
                             "type": "warning",
                             "click": "hideInputView"
                             }
                             ]
                     }
                     ,
                     {
                     "type": "buttonGroup",
                     "data":[
                             {
                             "text": "弹出键盘",
                             "type": "info",
                             "click": "becomeInputView"
                             },
                             {
                             "text": "隐藏键盘",
                             "type": "warning",
                             "click": "resignInputView"
                             }
                             ]
                     }
			]	
		},
		{
			"title": "示例代码",
			"data": [
				{
					"type": "codeBlock",
					"data": "var obj = api.require('inputField');\nobj.open({\nbgColor:'#708090',\nlineColor:'#C71585',\nfileBgColor:'#90EE90',\nborderColor:'#FFB6C1',\nsendImg:'widget://image/sendImg.png'\n},function(ret,err) {\napi.alert({title: '输入的内容', msg: ret.msg});\n});"
				}
			]	
		}
	]
}