{
	"title": "安装应用",
	"data":[
		{
			"title": "基础设置",
			"data": [
				{
					"type": "inputGroup",
					"data": [
						{
							"label": "安装路径",
							"type": "text",
							"id": "pathField",
							"value": "http://192.168.13.225:8088/files/adhoc.plist"
						}
					]
				}
			]
		},
		{
			"title": "牛刀小试",
			"data": [
				{
					"type": "buttonGroup",
					"data":[
						{
							"text": "安装",
							"type": "primary",
							"click": "installApp"
						}
					]
				}
			]	
		},
		{
			"title": "示例代码",
			"data": [
				{
					"type": "codeBlock",
					"data": "api.installApp({\n    appUri: \"http://192.168.13.225:8088/files/adhoc.plist\"\n});"
				}
			]	
		}
	]
}