{
	"title": "折线图演示",
	"data":[
		{
			"title": "边框设置",
			"data": [
				{
					"type": "inputGroup",
					"data": [
						{
							"label": "横坐标",
							"type": "text",
							"id": "viewX",
							"value": "0"
						},
						{
							"label": "纵坐标",
							"type": "text",
							"id": "viewY",
							"value": "64"
						}
					]
				},
				{
					"type": "inputGroup",
					"data": [
						{
							"label": "宽度值",
							"type": "text",
							"id": "viewW",
							"value": "320"
						},
						{
							"label": "高度值",
							"type": "text",
							"id": "viewH",
							"value": "300"
						}
					]
				}
			]
		},
		{
			"title": "X轴设置",
			"data": [
				{
					"type": "inputGroup",
					"data": [
						{
							"label": "下标标注",
							"type": "text",
							"placeholder": "用英文逗号(,)隔开",
							"id": "xaxismarks",
							"value": "一月,二月,三月,四月,五月,六月,七月,八月,九月,十月,十一月,十二月,一月"
						}
					]
				},
				{
					"type": "inputGroup",
					"data": [
						{
							"label": "纵轴个数",
							"type": "text",
							"placeholder": "每屏显示的纵轴个数",
							"id": "yaxiscount",
							"value": "7"
						}
					]
				}
			]
		},
		{
			"title": "Y轴设置",
			"data": [
				{
					"type": "inputGroup",
					"data": [
						{
							"label": "最大值",
							"type": "text",
							"id": "yaxismax",
							"value": "1000"
						},
						{
							"label": "步幅值",
							"type": "text",
							"id": "yaxisstep",
							"value": "200"
						}
					]
				}
			]
		},
		{
			"title": "折线设置",
			"data": [
				{
					"type": "inputGroup",
					"data": [
						{
							"label": "线一颜色",
							"type": "text",
							"id": "klinecolors1",
							"value": "#800080",
							"placeholder": "十六进制颜色"
						}
					]
				},
				{
					"type": "inputGroup",
					"data": [
						{
							"label": "线一数据",
							"type": "text",
							"id": "klineDatas1",
							"value": "200,400,-300,500,-400,600,400,0,500,-100,800,100",
							"placeholder": "用英文逗号(,)隔开"
						}
					]
				},
				{
					"type": "inputGroup",
					"data": [
						{
							"label": "线二颜色",
							"type": "text",
							"id": "klinecolors2",
							"value": "#7FFFAA",
							"placeholder": "十六进制颜色"
							
						}
					]
				},
				{
					"type": "inputGroup",
					"data": [
						{
							"label": "线二数据",
							"type": "text",
							"id": "klineDatas2",
							"value": "-200,-400,300,-500,400,-600,-400,0,-500,100,-800,-100",
							"placeholder": "用英文逗号(,)隔开"
						}
					]
				}
			]
		},
		{
			"title": "牛刀小试",
			"data": [
				{
					"type": "inputGroup",
					"data": [
						{
							"label": "用户点击结点下标",
							"type": "text",
							"id": "kchartid",
							"placeholder": "点击结点index"
						}
					]
				},
                 {
                     "type": "inputGroup",
                     "data": [
                          {
                              "label": "用户点击折线的id",
                              "type": "text",
                              "id": "chartids",
                              "placeholder": "点击折线id"
                          }
                      ]
                 },
				{
					"type": "inputGroup",
					"data": [
						{
							"label": "当前操作视图的id",
							"type": "text",
							"id": "closekchartid",
							"placeholder": "操作视图的id"
						}
					]
				}
				,
				{
					"type": "buttonGroup",
					"data":[
						{
							"text": "打开",
							"type": "primary",
							"click": "openkLinechart"
						},
						{
							"text": "关闭",
							"type": "danger",
							"click": "closekLinechart"
						}
					]
				}
                     ,
                     {
                     "type": "buttonGroup",
                     "data":[
                             {
                             "text": "隐藏",
                             "type": "warning",
                             "click": "hidekLinechart"
                             },
                             {
                             "text": "显示",
                             "type": "info",
                             "click": "showkLinechart"
                             }
                             ]
                     }
			]	
		},
		{
			"title": "示例代码",
			"data": [
				{
					"type": "codeBlock",
					"data": "var obj = api.require('lineChart');\nobj.open({\n    x:0,\n    y:64,\n    width:320,\n    height:300,\n    yAxis:{'max':1000,'step':200},\n    xAxis:{'indexs':['一月','二月','三月','四月','五月','六月','七月','八月','九月','十月','十一月','十二月','一月'],'screenXcount':7},\nlines:[{ 'color': ' #800080', 'datas':[ 200,400,-300,500,-400,600,400,0,500,-100,800,100],id:1},\n     {'color': '#7FFFAA', 'datas':[ -200,-400,300,-500,400,-600,-400,0,-500,100,-800,-100],id:2}],\n    backGroundColor:'#F0FFFF',\n    coorLineColor:'#C0C0C0',\n    markColor:'#051353',\n    id:1\n});"
				}
			]	
		}
	]
}