{
	"title": "微信通讯列表",
	"data":[
		{
			"title": "边框设置",
			"data": [
				{
					"type": "inputGroup",
					"data": [
						{
							"label": "横坐标",
							"type": "text",
							"id": "weixinContactsx",
							"value": 0
						},
						{
							"label": "纵坐标",
							"type": "text",
							"id": "weixinContactsy",
							"value": 64
						}
					]
				},
				{
					"type": "inputGroup",
					"data": [
						{
							"label": "宽度值",
							"type": "text",
							"id": "weixinContactswidth",
							"value": 320
						},
						{
							"label": "高度值",
							"type": "text",
							"id": "weixinContactsheight",
							"value": 300
						}
					]
				},
                {
                      "type":"inputGroup",
                     "data":[
                             {
                         "label":"列表的背景色",
                         "type":"text",
                         "id":"tableBGcolor"
                             }
                     ]
                }
			]
		},
		{
			"title": "单元格",
			"data": [
				{
					"type": "inputGroup",
					"data": [
						{
							"label": "高度值",
							"type": "text",
							"id": "cellHeights",
							"value": 60
						}
					]
				},
				{
					"type": "inputGroup",
					"data": [
						{
							"label": "分割线",
							"type": "text",
							"placeholder": "分割线的颜色",
							"id": "bordercolor",
							"value": "#CCCCCC"
						}
					]
				},
				{
					"type": "inputGroup",
					"data": [
						{
							"label": "背景色",
							"type": "text",
							"id": "cellsbgcolor",
							"value": "#F0F5F5"
						}
					]
				},
				{
					"type": "inputGroup",
					"data": [
						{
							"label": "选中色",
							"type": "text",
							"placeholder": "被选中单元格的颜色",
							"id": "selectedcellColor",
							"value": "#E9E9E9"
						}
					]
				}
			]
		},
		{
			"title": "item层下右边按钮",
			"data": [
				{
					"type": "inputGroup",
					"data": [
						{
							"label": "标题",
							"type": "text",
							"id": "title3",
							"value": "备注"
						}
					]
				},
				{
					"type": "inputGroup",
					"data": [
						{
							"label": "颜色",
							"type": "text",
							"id": "color3",
							"value": "#E76B65",
							"placeholder": "默认颜色"
						}
					]
				},
				{
					"type": "inputGroup",
					"data": [
						{
							"label": "选中",
							"type": "text",
							"id": "color3selec",
							"value": "#bc534d",
							"placeholder": "选中时的颜色"
						}
					]
				}
			]
		},
		{
			"title": "item左右拖动后的底层背景",
			"data": [
				{
					"type": "inputGroup",
					"data": [
						{
							"label": "左按钮",
							"type": "text",
							"id": "colorleftBg",
							"value": "#e9e9e9",
							"placeholder": "左按钮下背景"
						}
					]
				},
				{
					"type": "inputGroup",
					"data": [
						{
							"label": "右按钮",
							"type": "text",
							"id": "colorrightBg",
							"value": "#e9e9e9",
							"placeholder": "右按钮下背景"
						}
					]
				}
			]
		},
		{
			"title": "头像设置",
			"data": [
				{
					"type": "inputGroup",
					"data": [
						{
							"label": "刷新前",
							"type": "text",
							"id": "flashBefor",
							"value": "http://www.touxiang.cn/uploads/20120629/29-053126_355.jpg"
						}
					]
				},
				{
					"type": "inputGroup",
					"data": [
						{
							"label": "刷新后",
							"type": "text",
							"id": "flashAfter",
							"value": "http://img1.touxiang.cn/uploads/20120512/12-014216_678.jpg"
						}
					]
                 },
                 {
                     "type": "inputGroup",
                     "data": [
                          {
                              "label": "占位图",
                              "type": "text",
                              "id": "holderImgurl",
                              "value": "widget://image/common/apicloud.png"
                          }
                      ]
                 }
			]
		},
		{
			"title": "标题",
			"data": [
				{
					"type": "inputGroup",
					"data": [
						{
							"label": "位置值",
							"type": "text",
							"id": "titleLocation",
							"value": "left",
							"placeholder": "left center right"
						}
					]
				},
				{
					"type": "inputGroup",
					"data": [
						{
							"label": "字号值",
							"type": "text",
							"id": "titlelosize",
							"value": 13
						}
					]
				},
				{
					"type": "inputGroup",
					"data": [
						{
							"label": "颜色值",
							"type": "text",
							"id": "titlelcolors",
							"value": "#999999"
						}
					]
				},
				{
					"type": "inputGroup",
					"data": [
						{
							"label": "刷新前",
							"type": "text",
							"id": "titleRefreshBefore",
							"value": "标题"
						}
					]
				},
				{
					"type": "inputGroup",
					"data": [
						{
							"label": "刷新后",
							"type": "text",
							"id": "titleRefreshAfter",
							"value": "刷新后的标题"
						}
					]
                 }
			]
		},
        {
            "title": "下拉刷新参数配置",
            "data": [
                 {
                     "type": "inputGroup",
                     "data": [
                          {
                              "label": "指示箭头",
                              "type": "text",
                              "id": "flesshArrow",
                              "value": "widget://image/listView_arrow.png"
                          }
                      ]
                 },
                 {
                 "type": "inputGroup",
                 "data": [
                      {
                          "label": "背景颜色",
                          "type": "text",
                          "id": "fleshBgColor",
                          "value": "#F5F5F5"
                      }
                  ]
                 },
                 {
                 "type": "inputGroup",
                 "data": [
                      {
                          "label": "提示语色",
                          "type": "text",
                          "id": "fleshTip",
                          "value": "#8E8E8E"
                      }
                  ]
                 },
                 {
                 "type": "inputGroup",
                 "data": [
                          {
                              "label": "刷新提示",
                              "type": "text",
                              "id": "refleshTips",
                              "value": "下拉可以刷新..."
                          }
                      ]
                 },
                 {
                 "type": "inputGroup",
                 "data": [
                          {
                              "label": "刷新提示",
                              "type": "text",
                              "id": "refleshTipAfter",
                              "value": "松开开始刷新..."
                          }
                      ]
                 },
                 {
                 "type": "inputGroup",
                 "data": [
                          {
                              "label": "时间显示",
                              "type": "text",
                              "id": "showTimeis",
                              "value": "true"
                          }
                      ]
                 }
             ]
        },
        {
              "title":"索引指示器配置",
              "data":[
                 {
                    "type":"inputGroup",
                    "data":[
                        {
                             "label":"指示器颜色",
                             "type": "text",
                             "id":"indictorColor"
                        }
                      ]
                 }
              ]
        },
        {
            "title": "组标题配置",
            "data": [
                     {
                     "type": "inputGroup",
                     "data":[
                             {
                             "label": "组标题大小",
                             "type": "text",
                             "id": "groupTitleSize",
                             "value":13
                             }
                             ]
                     },
                     {
                     "type": "inputGroup",
                     "data":[
                             {
                             "label": "组标题颜色",
                             "type": "text",
                             "id": "groupTitleColor",
                             "value":"#949494"
                             }
                             ]
                     }
            ]
        },
		{
			"title": "牛刀小试",
			"data": [
				{
					"type": "buttonGroup",
					"data":[
						{
							"text": "打开滑动列表",
							"type": "primary",
							"click": "openweixinContactsleft"
						}
					]
				},
                 {
                     "type": "buttonGroup",
                     "data":[
                             {
                             "text": "设置下拉刷新",
                             "type": "info",
                             "click": "setListRefreshHeader"
                         }
                     ]
                 },
				{
					"type": "buttonGroup",
					"data":[
						{
							"text": "刷新列表",
							"type": "info",
							"click": "reload"
						},
						{
							"text": "关闭列表",
							"type": "danger",
							"click": "closweixinContacts"
						}
					]
                 },
                 {
                     "type": "buttonGroup",
                     "data":[
                         {
                             "text": "隐藏列表",
                             "type": "warning",
                             "click": "hideweixinContacts"
                         },
                         {
                             "text": "显示列表",
                             "type": "info",
                             "click": "showweixinContacts"
                         }
                     ]
                 }
			]	
		},
		{
			"title": "示例代码",
			"data": [
				{
					"type": "codeBlock",
					"data": "var obj = api.require('weixinContacts');\nobj.open({\n    x:0,\n    y:64,\n    w:320,\n    h:300,\n    leftBtn:[{color:'#8B0000',title:'左按钮1'},{color:'#228B22',title:'左按钮2'}],\n    rightBtn:[{color:'#8B0000',title:'右按钮1'},{color:'#228B22',title:'右按钮2'}],\n    borderColor:'#696969',\n    cellBgColor:'#FFFFF0',\n    cellSelectColor:'#ADD8E6',\n    cellHeight:70,\n              data:[{img:'http://img1.3lian.com/gif/more/11/201206/a5194ba8c27b17def4a7c5495aba5e32.jpg',title:'标题',subTitle:'子标题，说明文字。。。。。。'},{img:'http://img1.3lian.com/gif/more/11/201206/a5194ba8c27b17def4a7c5495aba5e32.jpg',title:'标题',subTitle:'子标题，说明文字。。。。。。'},{img:'http://img1.3lian.com/gif/more/11/201206/a5194ba8c27b17def4a7c5495aba5e32.jpg',title:'标题',subTitle:'子标题，说明文字。。。。。。'},{img:'http://img1.3lian.com/gif/more/11/201206/a5194ba8c27b17def4a7c5495aba5e32.jpg',title:'标题',subTitle:'子标题，说明文字。。。。。。'},{img:'http://img1.3lian.com/gif/more/11/201206/a5194ba8c27b17def4a7c5495aba5e32.jpg',title:'标题',subTitle:'子标题，说明文字。。。。。。'},{img:'http://img1.3lian.com/gif/more/11/201206/a5194ba8c27b17def4a7c5495aba5e32.jpg',title:'标题',subTitle:'子标题，说明文字。。。。。。'},{img:'http://img1.3lian.com/gif/more/11/201206/a5194ba8c27b17def4a7c5495aba5e32.jpg',title:'标题',subTitle:'子标题，说明文字。。。。。。'},{img:'http://img1.3lian.com/gif/more/11/201206/a5194ba8c27b17def4a7c5495aba5e32.jpg',title:'标题',subTitle:'子标题，说明文字。。。。。。'},{img:'http://img1.3lian.com/gif/more/11/201206/a5194ba8c27b17def4a7c5495aba5e32.jpg',title:'标题',subTitle:'子标题，说明文字。。。。。。'},{img:'http://img1.3lian.com/gif/more/11/201206/a5194ba8c27b17def4a7c5495aba5e32.jpg',title:'标题',subTitle:'子标题，说明文字。。。。。。'},{img:'http://img1.3lian.com/gif/more/11/201206/a5194ba8c27b17def4a7c5495aba5e32.jpg',title:'标题',subTitle:'子标题，说明文字。。。。。。'}]\n},function(ret,err){\n    api.alert({msg:ret.index});\n});"
				}
			]	
		}
	]
}