{
	"title": "列表",
	"data":[
		{
			"title": "边框设置",
			"data": [
				{
					"type": "inputGroup",
					"data": [
						{
							"label": "横坐标",
							"type": "text",
							"id": "listviewx",
							"value": "0"
						},
						{
							"label": "纵坐标",
							"type": "text",
							"id": "listviewy",
							"value": "64"
						}
					]
				},
				{
					"type": "inputGroup",
					"data": [
						{
							"label": "宽度值",
							"type": "text",
							"id": "listviewwidth",
							"value": "320"
						},
						{
							"label": "高度值",
							"type": "text",
							"id": "listviewheight",
							"value": "300"
						}
					]
				}
			]
		},
		{
			"title": "单元格",
			"data": [
				{
					"type": "inputGroup",
					"data": [
						{
							"label": "高度值",
							"type": "text",
							"id": "cellHeights",
							"value": "70"
						}
					]
				},
				{
					"type": "inputGroup",
					"data": [
						{
							"label": "分割线",
							"type": "text",
							"placeholder": "分割线的颜色",
							"id": "bordercolor",
							"value": "#CCCCCC"
						}
					]
				},
				{
					"type": "inputGroup",
					"data": [
						{
							"label": "背景色",
							"type": "text",
							"id": "cellsbgcolor",
							"value": "#F0F5F5"
						}
					]
				},
				{
					"type": "inputGroup",
					"data": [
						{
							"label": "选中色",
							"type": "text",
							"placeholder": "被选中单元格的颜色",
							"id": "selectedcellColor",
							"value": "#E9E9E9"
						}
					]
				}
			]
		},
		{
			"title": "左按钮1",
			"data": [
				{
					"type": "inputGroup",
					"data": [
						{
							"label": "标题",
							"type": "text",
							"id": "title1",
							"value": "左按钮1"
						}
					]
				},
				{
					"type": "inputGroup",
					"data": [
						{
							"label": "颜色",
							"type": "text",
							"id": "color1",
							"value": "#E76B65",
							"placeholder": "默认颜色"
						}
					]
				},
				{
					"type": "inputGroup",
					"data": [
						{
							"label": "选中",
							"type": "text",
							"id": "color1selec",
							"value": "#bc534d",
							"placeholder": "选中时的颜色"
						}
					]
				}
			]
		},
		{
			"title": "左按钮2",
			"data": [
				{
					"type": "inputGroup",
					"data": [
						{
							"label": "标题",
							"type": "text",
							"id": "title2",
							"value": "左按钮2"
						}
					]
				},
				{
					"type": "inputGroup",
					"data": [
						{
							"label": "颜色",
							"type": "text",
							"id": "color2",
							"value": "#52C09A",
							"placeholder": "默认颜色"
						}
					]
				},
				{
					"type": "inputGroup",
					"data": [
						{
							"label": "选中",
							"type": "text",
							"id": "color2selec",
							"value": "#429b7c",
							"placeholder": "选中时的颜色"
						}
					]
				}
			]
		},
		{
			"title": "右按钮1",
			"data": [
				{
					"type": "inputGroup",
					"data": [
						{
							"label": "标题",
							"type": "text",
							"id": "title3",
							"value": "右按钮1"
						}
					]
				},
				{
					"type": "inputGroup",
					"data": [
						{
							"label": "颜色",
							"type": "text",
							"id": "color3",
							"value": "#E76B65",
							"placeholder": "默认颜色"
						}
					]
				},
				{
					"type": "inputGroup",
					"data": [
						{
							"label": "选中",
							"type": "text",
							"id": "color3selec",
							"value": "#bc534d",
							"placeholder": "选中时的颜色"
						}
					]
				}
			]
		},
		{
			"title": "右按钮2",
			"data": [
				{
					"type": "inputGroup",
					"data": [
						{
							"label": "标题",
							"type": "text",
							"id": "title4",
							"value": "右按钮2"
						}
					]
				},
				{
					"type": "inputGroup",
					"data": [
						{
							"label": "颜色",
							"type": "text",
							"id": "color4",
							"value": "#52C09A",
							"placeholder": "默认颜色"
						}
					]
				},
				{
					"type": "inputGroup",
					"data": [
						{
							"label": "选中",
							"type": "text",
							"id": "color4selec",
							"value": "#429b7c",
							"placeholder": "选中时的颜色"
						}
					]
				}
			]
		},
		{
			"title": "按钮背景",
			"data": [
				{
					"type": "inputGroup",
					"data": [
						{
							"label": "左按钮",
							"type": "text",
							"id": "colorleftBg",
							"value": "#e9e9e9",
							"placeholder": "左按钮下背景"
						}
					]
				},
				{
					"type": "inputGroup",
					"data": [
						{
							"label": "右按钮",
							"type": "text",
							"id": "colorrightBg",
							"value": "#e9e9e9",
							"placeholder": "右按钮下背景"
						}
					]
				}
			]
		},
		{
			"title": "头像设置",
			"data": [
				{
					"type": "inputGroup",
					"data": [
						{
							"label": "刷新前",
							"type": "text",
							"id": "headUrl",
							"value": "widget://image/listView/0.png"
						}
					]
				},
				{
					"type": "inputGroup",
					"data": [
						{
							"label": "刷新后",
							"type": "text",
							"id": "holderImgurl",
							"value": "widget://image/listView/1.png"
						}
					]
				}
			]
		},
		{
			"title": "标题",
			"data": [
				{
					"type": "inputGroup",
					"data": [
						{
							"label": "位置值",
							"type": "text",
							"id": "titleLocation",
							"value": "left",
							"placeholder": "left center right"
						}
					]
				},
				{
					"type": "inputGroup",
					"data": [
						{
							"label": "字号值",
							"type": "text",
							"id": "titlelosize",
							"value": "13"
						}
					]
				},
				{
					"type": "inputGroup",
					"data": [
						{
							"label": "颜色值",
							"type": "text",
							"id": "titlelcolors",
							"value": "#999999"
						}
					]
				},
				{
					"type": "inputGroup",
					"data": [
						{
							"label": "刷新前",
							"type": "text",
							"id": "titleRefreshBefore",
							"value": "标题"
						}
					]
				},
				{
					"type": "inputGroup",
					"data": [
						{
							"label": "刷新后",
							"type": "text",
							"id": "titleRefreshAfter",
							"value": "刷新后的标题"
						}
					]
				}
			]
		},
		{
			"title": "子标题",
			"data": [
				{
					"type": "inputGroup",
					"data": [
						{
							"label": "位置值",
							"type": "text",
							"id": "subTitleLocation",
							"value": "left",
							"placeholder": "left center right"
						}
					]
				},
				{
					"type": "inputGroup",
					"data": [
						{
							"label": "字号值",
							"type": "text",
							"id": "subtitlelosize",
							"value": "13"
						}
					]
				},
				{
					"type": "inputGroup",
					"data": [
						{
							"label": "颜色值",
							"type": "text",
							"id": "subtitlelcolors",
							"value": "#999999"
						}
					]
				},
				{
					"type": "inputGroup",
					"data": [
						{
							"label": "刷新前",
							"type": "text",
							"id": "subtitleRefreshBefore",
							"value": "子标题"
						}
					]
				},
				{
					"type": "inputGroup",
					"data": [
						{
							"label": "刷新后",
							"type": "text",
							"id": "subtitleRefreshAfter",
							"value": "刷新后的子标题"
						}
					]
				}
			]
		},
		{
			"title": "牛刀小试",
			"data": [
				{
					"type": "buttonGroup",
					"data":[
						{
							"text": "打开可左右滑动列表",
							"type": "primary",
							"click": "openlistview"
						}
					]
				},
				{
					"type": "buttonGroup",
					"data":[
						{
							"text": "打开只可左滑动列表",
							"type": "primary",
							"click": "openlistviewleft"
						}
					]
				},
				{
					"type": "buttonGroup",
					"data":[
						{
							"text": "打开只可右滑动列表",
							"type": "primary",
							"click": "openlistviewright"
						}
					]
				},
				{
					"type": "buttonGroup",
					"data":[
						{
							"text": "打开不可滑动列表",
							"type": "primary",
							"click": "openlistviewnot"
						}
					]
				},
                 {
                     "type": "buttonGroup",
                     "data":[
                             {
                             "text": "设置下拉刷新",
                             "type": "primary",
                             "click": "setListRefreshHeader"
                         }
                     ]
                 },
                 {
                     "type": "buttonGroup",
                     "data":[
                             {
                             "text": "设置加载更多",
                             "type": "primary",
                             "click": "setListRefreshFooter"
                         }
                     ]
                 },
				{
					"type": "buttonGroup",
					"data":[
						{
							"text": "刷新列表",
							"type": "info",
							"click": "reload"
						},
                        {
                            "text": "加载更多",
                            "type": "info",
                            "click": "append"
                        },
						{
							"text": "关闭列表",
							"type": "danger",
							"click": "closlistview"
						}
					]
				}
			]	
		},
		{
			"title": "示例代码",
			"data": [
				{
					"type": "codeBlock",
					"data": "var obj = api.require('listView');\nobj.open({\n    x:0,\n    y:64,\n    w:320,\n    h:300,\n    leftBtn:[{color:'#8B0000',title:'左按钮1'},{color:'#228B22',title:'左按钮2'}],\n    rightBtn:[{color:'#8B0000',title:'右按钮1'},{color:'#228B22',title:'右按钮2'}],\n    borderColor:'#696969',\n    cellBgColor:'#FFFFF0',\n    cellSelectColor:'#ADD8E6',\n    cellHeight:70,\n              data:[{img:'http://img1.3lian.com/gif/more/11/201206/a5194ba8c27b17def4a7c5495aba5e32.jpg',title:'标题',subTitle:'子标题，说明文字。。。。。。'},{img:'http://img1.3lian.com/gif/more/11/201206/a5194ba8c27b17def4a7c5495aba5e32.jpg',title:'标题',subTitle:'子标题，说明文字。。。。。。'},{img:'http://img1.3lian.com/gif/more/11/201206/a5194ba8c27b17def4a7c5495aba5e32.jpg',title:'标题',subTitle:'子标题，说明文字。。。。。。'},{img:'http://img1.3lian.com/gif/more/11/201206/a5194ba8c27b17def4a7c5495aba5e32.jpg',title:'标题',subTitle:'子标题，说明文字。。。。。。'},{img:'http://img1.3lian.com/gif/more/11/201206/a5194ba8c27b17def4a7c5495aba5e32.jpg',title:'标题',subTitle:'子标题，说明文字。。。。。。'},{img:'http://img1.3lian.com/gif/more/11/201206/a5194ba8c27b17def4a7c5495aba5e32.jpg',title:'标题',subTitle:'子标题，说明文字。。。。。。'},{img:'http://img1.3lian.com/gif/more/11/201206/a5194ba8c27b17def4a7c5495aba5e32.jpg',title:'标题',subTitle:'子标题，说明文字。。。。。。'},{img:'http://img1.3lian.com/gif/more/11/201206/a5194ba8c27b17def4a7c5495aba5e32.jpg',title:'标题',subTitle:'子标题，说明文字。。。。。。'},{img:'http://img1.3lian.com/gif/more/11/201206/a5194ba8c27b17def4a7c5495aba5e32.jpg',title:'标题',subTitle:'子标题，说明文字。。。。。。'},{img:'http://img1.3lian.com/gif/more/11/201206/a5194ba8c27b17def4a7c5495aba5e32.jpg',title:'标题',subTitle:'子标题，说明文字。。。。。。'},{img:'http://img1.3lian.com/gif/more/11/201206/a5194ba8c27b17def4a7c5495aba5e32.jpg',title:'标题',subTitle:'子标题，说明文字。。。。。。'}]\n},function(ret,err){\n    api.alert({msg:ret.index});\n});"
				}
			]	
		}
	]
}