{
	"title": "加载标签演示",
	"data":[
		{
			"title": "加载标签参数配置",
			"data": [
				{
					"type": "inputGroup",
					"data": [
						{
							"label": "坐标 x",
							"type": "text",
							"id": "menux"
						},
						{
							"label": "坐标 y",
							"type": "text",
							"id": "menuy"
						}
					]
				},
                 {
                 "type": "inputGroup",
                 "data": [
                      {
                          "label": "常规色",
                          "type": "text",
                          "id": "buttonBgcolor"
                      },
                      {
                          "label": "活跃色",
                          "type": "text",
                          "id": "buttonlightcolor"
                      }
                  ]
                 }
			]
		},
		{
			"title": "牛刀小试",
			"data": [
				{
					"type": "buttonGroup",
					"data":[
						{
							"text": "打开",
							"type": "primary",
							"click": "objOpen"
						},
						{
							"text": "开始",
							"type": "info",
							"click": "objStart"
                        },
                        {
                            "text": "暂停",
                            "type": "warning",
                            "click": "objStop"
                        },
						{
							"text": "关闭",
							"type": "danger",
							"click": "objClose"
						}
					]
				}
			]	
		},
		{
			"title": "示例代码",
			"data": [
				{
					"type": "codeBlock",
                     "data": "var obj = api.require('loadingLabel');\nobj.open();"
				}
			]	
		}
	]
}