{
	"title": "发送邮件",
	"data":[
		{
			"title": "基础设置",
			"data": [
				{
					"type": "inputGroup",
					"data": [
						{
							"label": "寄往",
							"type": "text",
							"id": "recipients",
							"placeholder": "收件人邮箱地址"
						}
					]
				},
				{
					"type": "inputGroup",
					"data": [
						{
							"label": "主题",
							"type": "text",
							"id": "subject"
						}
					]
				},
				{
					"type": "inputGroup",
					"data": [
						{
							"label": "正文",
							"type": "text",
							"id": "body"
						}
					]
				},
				{
					"type": "inputGroup",
					"data": [
						{
							"label": "附件",
							"type": "file",
							"id": "attachments"
						}
					]
				}
			]
		},
		{
			"title": "牛刀小试",
			"data": [
				{
					"type": "buttonGroup",
					"data":[
						{
							"text": "发送邮件",
							"type": "primary",
							"click": "send"
						}
					]
				}
			]	
		},
		{
			"title": "示例代码",
			"data": [
				{
					"type": "codeBlock",
					"data": "api.mail({\n    recipients: ['example@appcloud.com'],\n    subject: '主题',\n    body: '正文',\n    attachments: ['附件地址']\n}, function(ret, err){\n    if(ret.status){\n        api.alert({\n            msg: '发送成功'\n        });\n    }else{\n        api.alert({\n            msg: err.msg\n        });\n    }\n});"
				}
			]	
		}
	]
}