{
	"title": "多媒体",
	"data":[
		{
			"title": "录音设置",
			"data": [
				{
					"type": "inputGroup",
					"data": [
						{
							"label": "保存路径",
							"type": "text",
							"id": "path",
							"value": "fs://aaa.amr"
						}
					]
				},
				{
					"type": "inputGroup",
					"data": [
						{
							"label": "音频信息",
							"type": "text",
							"id": "showRec"
						}
					]
				}
			]
		},
		{
			"title": "音频设置",
			"data": [
				{
					"type": "inputGroup",
					"data": [
						{
							"label": "音频路径",
							"type": "text",
							"id": "path1",
							"value": "fs://aaa.amr"
						}
					]
				}
			]
		},
		{
			"title": "视频设置",
			"data": [
				{
					"type": "inputGroup",
					"data": [
						{
							"label": "网络视频",
							"type": "text",
							"id": "url",
							"value": "http://resource.apicloud.com/video/apicloud3.mp4"
						}
					]
				}
			]
		},
		{
			"title": "牛刀小试",
			"data": [
				{
					"type": "buttonGroup",
					"data":[
						{
							"text": "开始录音",
							"type": "info",
							"click": "objSRecord"
						},
						{
							"text": "停止录音",
							"type": "warning",
							"click": "objERecord"
						}
					]
				},
				{
					"type": "buttonGroup",
					"data":[
						{
							"text": "播放音频",
							"type": "info",
							"click": "objStart"
						},
						{
							"text": "停止播放",
							"type": "danger",
							"click": "objStop"
						}
					]
				},
				{
					"type": "buttonGroup",
					"data":[
						{
							"text": "打开本地视频",
							"type": "info",
							"click": "btnGet"
						}
					]
				},
				{
					"type": "buttonGroup",
					"data":[
						{
							"text": "打开网络视频",
							"type": "info",
							"click": "btnPlay"
						}
					]
				}
			]	
		},
		{
			"title": "示例代码",
			"data": [
				{
					"type": "codeBlock",
					"data": "api.getPicture(\n{\nsourceType:'library',\nmediaValue:'video'\n},function(ret,err){\nif(ret){\napi.openVideo(\n{\nurl:ret.data\n}\n\n);\n}else{\napi.alert(\n{\nmsg:('错误码:'+err.code+'--错误描述:'+err.msg)\n}\n);\n}\n}\n)"				
		}
			]	
		}
	]
}