{
	"title": "杂项测试",
	"data":[
		{
			"title": "按钮组设置",
			"data": [
				{
					"type": "inputGroup",
					"data": [
						{
							"label": "提示标题",
							"type": "text",
							"id": "i_title",
							"placeholder":"为空则不显示标题",
							"value": "提示"
						}
					]
				},
				{
					"type": "inputGroup",
					"data": [
						{
							"label": "警告按钮",
							"type": "text",
							"id": "i_dele",
							"placeholder": "为空,则不显示警告按钮",
							"value": "警告"
						}
					]
				},
				{
					"type": "inputGroup",
					"data": [
						{
							"label": "取消按钮",
							"type": "text",
							"id": "i_canl",
							"value": "取消",
							"placeholder": "按钮组应至少包含一个取消按钮"
						}
					]
				},
				{
					"type": "inputGroup",
					"data": [
						{
							"label": "钮一标题",
							"type": "text",
							"id": "bt_1",
							"value": "按钮一"
						}
					]
				},
				{
					"type": "inputGroup",
					"data": [
						{
							"label": "钮二标题",
							"type": "text",
							"id": "bt_2",
							"value": "按钮二"
						}
					]
				},
				{
					"type": "inputGroup",
					"data": [
						{
							"label": "钮三标题",
							"type": "text",
							"id": "bt_3",
							"value": "按钮三"
						}
					]
				},
				{
					"type": "inputGroup",
					"data": [
						{
							"label": "颜色定制",
							"type": "text",
							"id": "",
							"value": "itemNormalColor:#FF00FF;itemPressColor:#0000FF;fontNormalColor:#FFFF00;fontPressColor:#FF0000;"
						}
					]
				}
			]
		},
		{
			"title": "时间选择器",
			"data": [
				{
					"type": "inputGroup",
					"data": [
						{
							"label": "选择器类型",
							"type": "text",
							"id": "timeType",
							"value": "date",
							"placeholder": "date time date_time"
						}
					]
				}
			]
		},
		{
			"title": "牛刀小试",
			"data": [
				{
					"type": "inputGroup",
					"data": [
						{
							"label": "联系人",
							"type": "text",
							"id": "showMsg",
							"value": "",
							"placeholder": "选中的联系人的信息",
							"disabled": "disabled"
						}
					]
				},
				{
					"type": "inputGroup",
					"data": [
						{
							"label": "选择器",
							"type": "text",
							"id": "i_result",
							"value": "",
							"placeholder": "时间选择器的结果",
							"disabled": "disabled"
						}
					]
				},
				{
					"type": "buttonGroup",
					"data":[
						{
							"text": "系统通讯录",
							"type": "info",
							"click": "btnOpenContacts"
						},
						{
							"text": "时间选择器",
							"type": "info",
							"click": "openPicker"
						}
					]
				},
				{
					"type": "buttonGroup",
					"data":[
						{
							"text": "默认按钮组",
							"type": "info",
							"click": "btnActionSheet"
						},
						{
							"text": "自定义按钮组",
							"type": "info",
							"click": "btnActionSheet2"
						}
					]
				},
				{
					"type": "buttonGroup",
					"data":[
						{
							"text": "清除缓存",
							"type": "warning",
							"click": "btnClearCache"
						}
					]
				}
			]	
		},
		{
			"title": "示例代码",
			"data": [
				{
					"type": "codeBlock",
					"data": "api.openContacts(\n{},function(ret,err){\nif(ret.status){\n$api.val($api.byId('showMsg'),('姓名:' + ret.name+'\n电话:' + ret.phone));\n}else{\napi.alert({msg:err.msg});\n};\n}\n);"}
			]	
		}
	]
}