{
	"title": "多项选择器演示",
	"data":[
		{
			"title": "视图位置和大小设置",
			"data": [
				{
					"type": "inputGroup",
					"data": [
						{
							"label": "视图原点坐标(默认屏幕高度减244 ):",
							"type": "text",
							"id": "selectorCoordY"
						}
					]
				},
				{
					"type": "inputGroup",
					"data": [
						{
							"label": "视图高(宽为设备屏幕宽.高默认244):",
					        "type": "text",
					        "id": "selectorHeight"
				        }
					]
				}
			]
		},
		{
			"title": "选择器导航条设置",
			"data": [
				{
					"type": "inputGroup",
					"data": [
						{
							"label": "取消按钮的图片",
							"type": "text",
							"id": "cancelBtnImage"
						}
					]
				},
				{
					"type": "inputGroup",
					"data": [
						{
							"label": "确定按钮的图片",
							"type": "text",
							"id": "enterBtnImage"
						}
					]
				},
				{
					"type": "inputGroup",
					"data": [
						{
							"label": "导航条背景图片",
							"type": "text",
							"id": "cancelBtnImage"
						}
					]
				}
			]
		},
		{
			"title": "选择器设置",
			"data": [
				{
					"type": "inputGroup",
					"data": [
						{
							"label": "背景图片",
							"type": "text",
							"id": "selectorBgImage"
						}
					]
				},
				{
					"type": "inputGroup",
					"data": [
						{
							"label": "字体颜色",
							"type": "text",
							"id": "selectorColor"
						}
					]
                 },
                 {
                     "type": "inputGroup",
                     "data": [
                              {
                              "label": "选中字色",
                              "type": "text",
                              "id": "selectorselColor"
                          }
                      ]
                 },
				{
					"type": "inputGroup",
					"data": [
						{
							"label": "打开时是否添加动画：",
							"type": "Boole",
							"id": "openWithAnimation"
						}
					]
				}
			]
		},
		{
			"title": "选择器内容设置",
			"data": [
				{
					"type": "inputGroup",
					"data": [
						{
							"label": "第一条：",
							"type": "text",
							"id": "item1",
							"value": "第一条"
						}
					]
				},
				{
					"type": "inputGroup",
					"data": [
						{
							"label": "第二条：",
							"type": "text",
							"id": "item2",
							"value": "第二条"
						}
					]
				},
				{
					"type": "inputGroup",
					"data": [
						{
							"label": "第三条：",
							"type": "Boole",
							"id": "item3",
							"value": "第三条"
						}
					]
				},
				{
					"type": "inputGroup",
					"data": [
						{
							"label": "第四条：",
							"type": "Boole",
							"id": "item4",
							"value": "第四条"
						}
					]
				},
				{
					"type": "inputGroup",
					"data": [
						{
							"label": "第五条：",
							"type": "Boole",
							"id": "item5",
							"value": "第五条"
						}
					]
				},
				{
					"type": "inputGroup",
					"data": [
						{
							"label": "第六条：",
							"type": "Boole",
							"id": "item6",
							"value": "第六条"
						}
					]
				},
				{
					"type": "inputGroup",
					"data": [
						{
							"label": "第七条：",
							"type": "Boole",
							"id": "item7",
							"value": "第七条"
						}
					]
				}
			]
		},
		{
			"title": "牛刀小试",
			"data": [
				{
					"type": "buttonGroup",
					"data":[
						{
							"text": "打开",
							"type": "primary",
							"click": "objOpenSelector"
						},
						{
							"text": "隐藏",
							"type": "warning",
							"click": "objHiddenSelector"
						},
						{
							"text": "显示",
							"type": "info",
							"click": "objShowSelector"
						},
						{
							"text": "关闭",
							"type": "danger",
							"click": "objCloseSelector"
						}
					]
				}
			]	
		},
		{
			"title": "示例代码",
			"data": [
				{
					"type": "codeBlock",
					"data": "var obj = api.require('personalCenter');\nobj.open({\nimgPath: ' http://h.hiphotos.baidu.com/image/pic/item/42166d224f4a20a40155f84e92529822730ed0f4.jpg ',\nplaceHoldImg: ' widget://res/filterMe.png ',\nbtnArray:[{\n   bgImg:’widget://res/personal_btn_nor.png’,\n   selectedImg:’widget://res/personal_btn_sele.png’,\n},{\n   bgImg:’widget://res/personal_btn_nor.png’,\n   selectedImg:’widget://res/personal_btn_sele.png’,\n},{\n   bgImg:’widget://res/personal_btn_nor.png’,\n   selectedImg:’widget://res/personal_btn_sele.png’,\n}]\n},function(ret,err){\napi.alert({\n   msg:ret.click\n});\n});"
				}
			]	
		}
	]
}