{
	"title": "导航条菜单演示",
	"data":[
		{
			"title": "导航条菜单参数配置",
			"data": [
				{
					"type": "inputGroup",
					"data": [
						{
							"label": "字体颜色",
							"type": "text",
							"id": "titleColor"
						},
						{
							"label": "选中颜色",
							"type": "text、",
							"id": "titlehighlightColor"
						}
					]
				}
			]
		},
		{
			"title": "菜单按钮配置",
			"data": [
				{
					"type": "inputGroup",
					"data": [
						{
							"label": "按钮背景图片",
							"type": "text",
							"id": "normalBgImg",
							"value": "widget://image/navigationMenu/normal.png"
						}
					]
				},
				{
					"type": "inputGroup",
					"data": [
						{
							"label": "按钮点击图片",
							"type": "text",
							"id": "highlightImg",
							"value": "widget://image/navigationMenu/highlight.png"
						}
					]
				},
				{
					"type": "inputGroup",
					"data": [
						{
							"label": "选中后的图片",
							"type": "text",
							"id": "selectedImg",
							"value": "widget://image/navigationMenu/selected.png"
						}
					]
                 },
                 {
                 "type": "inputGroup",
                 "data": [
                          {
                          "label": "按钮标题文字",
                          "type": "text",
                          "id": "btnTitle",
                          "value": "按钮标题"
                          }
                   ]
                 }
			]
		},
		{
			"title": "牛刀小试",
			"data": [
				{
					"type": "buttonGroup",
					"data":[
						{
							"text": "打开",
							"type": "primary",
							"click": "objOpenMenu"
						},
						{
							"text": "显示",
							"type": "info",
							"click": "objShowMenu"
                        },
                        {
                            "text": "隐藏",
                            "type": "warning",
                            "click": "objHiddenMenu"
                        },
						{
							"text": "关闭",
							"type": "danger",
							"click": "objCloseMenu"
						}
					]
				}
			]	
		},
		{
			"title": "示例代码",
			"data": [
				{
					"type": "codeBlock",
                     "data": " var arrayPath = new Array();\narrayPath[0] = {\nnormal:'widget://image/navigationMenu_nomal.png',\nhightlight:'widget://image/navigationMenu_highlight.png',\nselected:'widget://image/navigationMenu_selected.png',\ntitle:'收藏'\n};\narrayPath[1] = {\nnormal:'widget://image/navigationMenu_nomal.png',\nhightlight:'widget://image/navigationMenu_highlight.png',\nselected:'widget://image/navigationMenu_selected.png',\ntitle:'收藏'\n};\narrayPath[2] = {\nnormal:'widget://image/navigationMenu_nomal.png',\nhightlight:'widget://image/navigationMenu_highlight.png',\nselected:'widget://image/navigationMenu_selected.png',\ntitle:'收藏'\n};\narrayPath[3] = {\nnormal:'widget://image/navigationMenu_nomal.png',\nhightlight:'widget://image/navigationMenu_highlight.png',\nselected:'widget://image/navigationMenu_selected.png',\ntitle:'收藏'\n};\narrayPath[4] = {\nnormal:'widget://image/navigationMenu_nomal.png',\nhightlight:'widget://image/navigationMenu_highlight.png',\nselected:'widget://image/navigationMenu_selected.png',\ntitle:'收藏'\n};\narrayPath[5] = {\nnormal:'widget://image/navigationMenu_nomal.png',\nhightlight:'widget://image/navigationMenu_highlight.png',\nselected:'widget://image/navigationMenu_selected.png',\ntitle:'收藏'\n};\nobj.open({\nbtnInfo:arrayPath\n},function(ret,err){\napi.alert({msg:'点击了第几'+ret.index+'个按钮'});\n});"
				}
			]	
		}
	]
}