{
	"title": "播放网络流媒体",
	"data":[
		{
			"title": "基础信息",
			"data": [
				{
					"type": "inputGroup",
					"data": [
						{
							"label": "音频路径",
							"type": "text",
							"id": "personheadimg",
							"value": "http://file.apicloud.com/mcm/A6965066817858/e9c1021491c701227a048607720fd4ed.mp3"
						}
					]
				},
				{
					"type": "inputGroup",
					"data": [
						{
							"label": "音频时长",
							"type": "text",
							"id": "audioduration",
							"value": ""
						}
					]
				},
				{
					"type": "inputGroup",
					"data": [
						{
							"label": "当前进度",
							"type": "text",
							"id": "audiocurrenttime",
							"value": ""
						}
					]
				}
			]
		},
		{
			"title": "设置信息",
			"data": [
				{
					"type": "inputGroup",
					"data": [
						{
							"label": "播放进度",
							"type": "text",
							"id": "audioprogress",
							"value": "60"
						}
					]
				},
				{
					"type": "inputGroup",
					"data": [
						{
							"label": "音量大小",
							"type": "text",
							"id": "audiovolume",
							"value": "1.0"
						}
					]
				}
			]
		},
		{
			"title": "牛刀小试",
			"data": [
				{
					"type": "buttonGroup",
					"data":[
						{
							"text": "播放",
							"type": "primary",
							"click": "objStart"
						},
						{
							"text": "暂停",
							"type": "warning",
							"click": "objpause"
						},
						{
							"text": "停止",
							"type": "danger",
							"click": "objStop"
						}
					]
				},
				{
					"type": "buttonGroup",
					"data":[
						{
							"text": "设置进度",
							"type": "info",
							"click": "setProgress"
						},
						{
							"text": "设置音量",
							"type": "info",
							"click": "setvolumes"
						}
					]
				}
			]	
		},
		{
			"title": "示例代码",
			"data": [
				{
					"type": "codeBlock",
					"data": "var obj = api.require('netAudio');\n obj.play({\n     path:document.getElementById(\"personheadimg\").value\n},function(ret,err){\n     var duration = ret.duration;\n     var current = ret.current;\n});"
				}
			]	
		}
	]
}