{
	"title": "全景图片演示",
	"data":[
		{
			"title": "边框设置",
			"data": [
				{
					"type": "inputGroup",
					"data": [
						{
							"label": "横坐标",
							"type": "text",
							"id": "viewX",
							"value": "0"
						},
						{
							"label": "纵坐标",
							"type": "text",
							"id": "viewY",
							"value": "64"
						}
					]
				},
				{
					"type": "inputGroup",
					"data": [
						{
							"label": "宽度值",
							"type": "text",
							"id": "viewW",
							"value": "320"
						},
						{
							"label": "高度值",
							"type": "text",
							"id": "viewH",
							"value": "300"
						}
					]
				}
			]
		},
		{
			"title": "球状体图",
			"data": [
				{
					"type": "inputGroup",
					"data": [
						{
							"label": "图片路径",
							"type": "text",
							"id": "selectedDate",
							"value": "widget://image/panorama/360viewtest.jpg"
						}
					]
				}
			]
		},
		{
			"title": "牛刀小试",
			"data": [
				{
					"type": "inputGroup",
					"data": [
						{
							"label": "关闭视图",
							"type": "text",
							"id": "closeid",
							"value": "1",
							"placeholder": "要关闭的视图的id."
						}
					]
				}
				,
				{
					"type": "buttonGroup",
					"data":[
						{
							"text": "打开球状体图",
							"type": "primary",
							"click": "globoid"
						}
					]
				},
				{
					"type": "buttonGroup",
					"data":[
						{
							"text": "关闭指定视图",
							"type": "danger",
							"click": "logOutapp"
						}
					]
                 },
                 {
                     "type": "buttonGroup",
                     "data":[
                             {
                             "text": "显示指定视图",
                             "type": "info",
                             "click": "showapp"
                             }
                         ]
                 },
                 {
                     "type": "buttonGroup",
                     "data":[
                             {
                             "text": "隐藏指定视图",
                             "type": "warning",
                             "click": "hideapp"
                             }
                         ]
                 }
			]	
		},
		{
			"title": "示例代码",
			"data": [
				{
					"type": "codeBlock",
					"data": "var obj = api.require('panorama');\nobj.openGloboid({\n         type:0,\n         x:0,\n         y:64,\n         width:320,\n         height:300,\n         imgPath:'widget://image/360viewtest.jpg',\n         imgPaths:[ 'widget://image/cubic_f.png', ' widget://image/cubic_b.png',\n                  'widget://image/cubic_l.png', 'widget://image/cubic_r.png',\n                  ' widget://image/cubic_u.png', 'widget://image/cubic_d.png']\n},function(ret,err){\n    if(ret.status){\n       api.alert({msg:'视图的id是'+ret.id});\n}else{\n   api.alert({msg:ret.msg});\n}\n});"
				}
			]	
		}
	]
}