{
	"title": "时段选择器",
	"data":[
		{
			"title": "边框设置",
			"data": [
				{
					"type": "inputGroup",
					"data": [
						{
							"label": "横坐标",
							"type": "text",
							"id": "viewx",
							"value": "0"
						},
						{
							"label": "纵坐标",
							"type": "text",
							"id": "viewy",
							"value": "64"
						}
					]
				},
				{
					"type": "inputGroup",
					"data": [
						{
							"label": "宽度值",
							"type": "text",
							"id": "vieww",
							"value": "320"
						},
						{
							"label": "高度值",
							"type": "text",
							"id": "viewh",
							"value": "300"
						}
					]
				}
			]
		},
		{
			"title": "样式配置",
			"data": [
				{
					"type": "inputGroup",
					"data": [
						{
							"label": "选中色值",
							"type": "text",
							"id": "selectedColors"
						}
					]
				},
				{
					"type": "inputGroup",
					"data": [
						{
							"label": "常规色值",
							"type": "text",
							"id": "normalColors"
						}
					]
				},
				{
					"type": "inputGroup",
					"data": [
						{
							"label": "时分色值",
							"type": "text",
							"id": "titleColors"
						}
					]
				},
				{
					"type": "inputGroup",
					"data": [
						{
							"label": "隔线色值",
							"type": "text",
							"id": "separationColors"
						}
					]
				},
				{
					"type": "inputGroup",
					"data": [
						{
							"label": "背景色值",
							"type": "text",
							"id": "bgColors"
						}
					]
				}
			]
		},
		{
			"title": "牛刀小试",
			"data": [
				{
					"type": "inputGroup",
					"data": [
						{
							"label": "选取时间",
							"type": "text",
							"id": "sql2",
							"value": "",
							"disabled": "disabled"
						}
					]
				},
				{
					"type": "inputGroup",
					"data": [
						{
							"label": "起始小时",
							"type": "text",
							"id": "setlwithHour",
							"value": "20"
						}
					]
				},
				{
					"type": "inputGroup",
					"data": [
						{
							"label": "起始分钟",
							"type": "text",
							"id": "setlwithMinit",
							"value": "14"
						}
					]
				},
				{
					"type": "inputGroup",
					"data": [
						{
							"label": "终止小时",
							"type": "text",
							"id": "setrwithHour",
							"value": "09"
						}
					]
				},
				{
					"type": "inputGroup",
					"data": [
						{
							"label": "终止分钟",
							"type": "text",
							"id": "setrwithMinit",
							"value": "15"
						}
					]
				},
				{
					"type": "buttonGroup",
					"data":[
						{
							"text": "打开",
							"type": "primary",
							"click": "objTimeSelector"
						},
						{
							"text": "设置时间",
							"type": "info",
							"click": "setTimeSelector"
						},
						{
							"text": "关闭",
							"type": "danger",
							"click": "closeTimeSelector"
						}
					]
                 },
                 {
                 "type": "buttonGroup",
                 "data":[
                         {
                         "text": "显示",
                         "type": "info",
                         "click": "showTimeSelector"
                         },
                         {
                         "text": "隐藏",
                         "type": "warning",
                         "click": "hideTimeSelector"
                         }
                         ]
                 }
			]	
		},
		{
			"title": "示例代码",
			"data": [
				{
					"type": "codeBlock",
					"data": "var obj = api.require('periodSelector');\nobj.open({\n    x: 0,\n    y:64,\n    width:320,\n    height:250\n}, function(ret, err){\n    ret.sHour+'*'+ret.sMinit+'---'+ret.eHour+'*'+ret.eMinit\n});"
				}
			]	
		}
	]
}