{
    "title": "个人中心演示",
    "data":[
        {
            "title": "边框设置",
            "data": [
                {
                    "type": "inputGroup",
                    "data": [
                        {
                            "label": "纵坐标",
                            "type": "text",
                            "id": "personaly"
                        }
                    ]
                },
                {
                    "type": "inputGroup",
                    "data": [
                        {
                            "label": "高度值",
                            "type": "text",
                            "id": "personalheight"
                        }
                    ]
                }
            ]
        },
        {
            "title": "基本信息",
            "data": [
                {
                    "type": "inputGroup",
                    "data": [
                        {
                            "label": "用户昵称",
                            "type": "text",
                            "id": "personalname",
                            "value": "莱昂纳多"
                        }
                    ]
                },
                {
                    "type": "inputGroup",
                    "data": [
                        {
                            "label": "用户积分",
                            "type": "text",
                            "id": "personalcount",
                            "value": "2046"
                        }
                    ]
                },
                {
                    "type": "inputGroup",
                    "data": [
                        {
                            "label": "字体颜色",
                            "type": "text",
                            "id": "personalcountnameColor"
                        }
                    ]
                },
                {
                    "type": "inputGroup",
                    "data": [
                        {
                            "label": "头像路径",
                            "type": "text",
                            "id": "personalheadimg",
                            "value": "http://h.hiphotos.baidu.com/image/pic/item/42166d224f4a20a40155f84e92529822730ed0f4.jpg"
                        }
                    ]
                },
                {
                    "type": "inputGroup",
                    "data": [
                        {
                            "label": "占位图片",
                            "type": "text",
                            "id": "placeholderheadimage",
                            "value": "widget://image/common/placeHolder.png"
                        }
                    ]
                },
                {
                    "type": "inputGroup",
                    "data": [
                        {
                            "label": "修改按钮图片",
                            "type": "text",
                            "id": "personalresetbtnimg",
                            "value": "widget://image/personalCenter/mod_normal.png"
                        }
                    ]
                },
                {
                    "type": "inputGroup",
                    "data": [
                        {
                            "label": "按钮选中图片",
                            "type": "text",
                            "id": "personalresetbtnimglight",
                            "value": "widget://image/personalCenter/mod_click.png"
                        }
                    ]
                }
            ]
        },
        {
            "title": "按钮信息",
            "data": [
                {
                    "type": "inputGroup",
                    "data": [
                        {
                            "label": "按钮的大标题",
                            "type": "text",
                            "id": "button1titlestr",
                            "value": "活动收藏"
                        }
                    ]
                },
                {
                    "type": "inputGroup",
                    "data": [
                        {
                            "label": "按钮的子数字",
                            "type": "text",
                            "id": "button1count",
                            "value": "201"
                        }
                    ]
                },
                {
                    "type": "inputGroup",
                    "data": [
                        {
                            "label": "按钮的标题的色值",
                            "type": "text",
                            "id": "button1titlecolor"
                        }
                    ]
                },
                {
                    "type": "inputGroup",
                    "data": [
                        {
                            "label": "按钮的数字的色值",
                            "type": "text",
                            "id": "button1countcolor"
                        }
                    ]
                },
                {
                    "type": "inputGroup",
                    "data": [
                        {
                            "label": "按钮选中标题色值",
                            "type": "text",
                            "id": "button1selectedtitleColor"
                        }
                    ]
                },
                {
                    "type": "inputGroup",
                    "data": [
                        {
                            "label": "按钮选中数字色值",
                            "type": "text",
                            "id": "button1selectedcountColor"
                        }
                    ]
                },
                {
                    "type": "inputGroup",
                    "data": [
                        {
                            "label": "按钮的背景的图片",
                            "type": "text",
                            "id": "button1bgImg",
                            "value":"widget://image/personalCenter/personal_btn_nor.png"
                        }
                    ]
                },
                {
                    "type": "inputGroup",
                    "data": [
                        {
                            "label": "按钮点击效果图片",
                            "type": "text",
                            "id": "button1lightImg",
                            "value":"widget://image/personalCenter/personal_btn_light.png"
                        }
                    ]
                },
                {
                    "type": "inputGroup",
                    "data": [
                        {
                            "label": "按钮选中后的图片",
                            "type": "text",
                            "id": "button1selectedImg",
                            "value":"widget://image/personalCenter/personal_btn_sele.png"
                        }
                    ]
                },
                {
                    "type": "inputGroup",
                    "data": [
                        {
                            "label": "说明：",
                            "type": "text",
                            "id": "addsf",
                            "value":"由于篇幅限制这里只列出一个按钮的信息"
                        }
                    ]
                },
                {
                    "type": "inputGroup",
                    "data": [
                        {
                            "label": "是否清除按钮：",
                            "type": "text",
                            "id": "isclearBtn"
                        }
                    ]
                }
            ]
        },
        {
            "title": "牛刀小试",
            "data": [
                {
                    "type": "inputGroup",
                    "data": [
                        {
                            "label": "设置选中按钮",
                            "type": "text",
                            "id": "setSelectedBtn"
                        }
                    ]
                },
                {
                    "type": "buttonGroup",
                    "data":[
                        {
                            "text": "打开",
                            "type": "primary",
                            "click": "openPersonalCenter"
                        },
                        {
                            "text": "刷新",
                            "type": "info",
                            "click": "refleshDataPersonal"
                        },
                        {
                            "text": "关闭",
                            "type": "danger",
                            "click": "closePersonal"
                        },
                        {
                            "text": "设置",
                            "type": "info",
                            "click": "setSelectButton"
                        }
                    ]
                },
                {
                    "type": "buttonGroup",
                    "data":[
                        {
                            "text": "显示",
                            "type": "info",
                            "click": "setpersonalShow"
                        },
                        {
                            "text": "隐藏",
                            "type": "warning",
                            "click": "setpersonalHide"
                        }
                    ]
                }
            ]
        },
        {
            "title": "示例代码",
            "data": [
                {
                    "type": "codeBlock",
                    "data": "var obj = api.require('personalCenter');\nobj.open({\nimgPath: ' http://h.hiphotos.baidu.com/image/pic/item/42166d224f4a20a40155f84e92529822730ed0f4.jpg ',\nplaceHoldImg: ' widget://image/filterMe.png ',\nbtnArray:[{\nbgImg:’widget://image/personal_btn_nor.png’,\nselectedImg:’widget://image/personal_btn_sele.png’,\n},{\nbgImg:’widget://image/personal_btn_nor.png’,\nselectedImg:’widget://image/personal_btn_sele.png’,\n},{\nbgImg:’widget://image/personal_btn_nor.png’,\nselectedImg:’widget://image/personal_btn_sele.png’,\n}]\n},function(ret,err){\napi.alert({\nmsg:ret.click\n});\n});\n"
                }
            ]
        }
    ]
}