{
	"title": "饼形图演示",
	"data":[
		{
			"title": "边框设置",
			"data": [
				{
					"type": "inputGroup",
					"data": [
						{
							"label": "横坐标",
							"type": "text",
							"id": "viewx",
							"value": "200"
						},
						{
							"label": "纵坐标",
							"type": "text",
							"id": "viewy",
							"value": "250"
						}
					]
				},
				{
					"type": "inputGroup",
					"data": [
						{
							"label": "半径值",
							"type": "text",
							"id": "vieww",
							"value": "100"
						}
					]
				}
			]
		},
		{
			"title": "标题设置",
			"data": [
				{
					"type": "inputGroup",
					"data": [
						{
							"label": "大标题",
							"type": "text",
							"id": "viewtitle",
							"value": "标题"
						}
					]
				},
				{
					"type": "inputGroup",
					"data": [
						{
							"label": "子标题",
							"type": "text",
							"id": "viewsubtitle",
							"value": "子标题"
						}
					]
				}
			]
		},
		{
			"title": "内容设置",
			"data": [
				{
					"type": "inputGroup",
					"data": [
						{
							"label": "块1颜色",
							"type": "text",
							"id": "color1",
							"value": "#FF6600"
						}
					]
				},
				{
					"type": "inputGroup",
					"data": [
						{
							"label": "块1数值",
							"type": "text",
							"id": "value1",
							"value": "15"
						}
					]
				},
				{
					"type": "inputGroup",
					"data": [
						{
							"label": "块2颜色",
							"type": "text",
							"id": "color2",
							"value": "#660099"
						}
					]
				},
				{
					"type": "inputGroup",
					"data": [
						{
							"label": "块2数值",
							"type": "text",
							"id": "value2",
							"value": "12"
						}
					]
				},
				{
					"type": "inputGroup",
					"data": [
						{
							"label": "块3颜色",
							"type": "text",
							"id": "color3",
							"value": "#FF33FF"
						}
					]
				},
				{
					"type": "inputGroup",
					"data": [
						{
							"label": "块3数值",
							"type": "text",
							"id": "value3",
							"value": "13"
						}
					]
				},
				{
					"type": "inputGroup",
					"data": [
						{
							"label": "块4颜色",
							"type": "text",
							"id": "color4",
							"value": "#66CCFF"
						}
					]
				},
				{
					"type": "inputGroup",
					"data": [
						{
							"label": "块4数值",
							"type": "text",
							"id": "value4",
							"value": "11"
						}
					]
				},
				{
					"type": "inputGroup",
					"data": [
						{
							"label": "块5颜色",
							"type": "text",
							"id": "color5",
							"value": "#00CCFF"
						}
					]
				},
				{
					"type": "inputGroup",
					"data": [
						{
							"label": "块5数值",
							"type": "text",
							"id": "value5",
							"value": "18"
						}
					]
				}
			]
		},
		{
			"title": "牛刀小试",
			"data": [
				{
					"type": "inputGroup",
					"data": [
						{
							"label": "关闭视图",
							"type": "text",
							"id": "closeviewid",
							"value": "1",
							"placeholder": "要关闭的视图的id."
						}
					]
				},
				{
					"type": "inputGroup",
					"data": [
						{
							"label": "模块索引",
							"type": "text",
							"id": "indexid",
							"placeholder": "旋转到零度位置模块的索引值.",
							"disabled": "disabled" 
						}
					]
				},
				{
					"type": "inputGroup",
					"data": [
						{
							"label": "模块比率",
							"type": "text",
							"id": "percentid",
							"placeholder": "旋转到零度位置模块的百分比.",
							"disabled": "disabled"
						}
					]
				}
				,
				{
					"type": "buttonGroup",
					"data":[
						{
							"text": "打开",
							"type": "primary",
							"click": "openPies"
						},
						{
							"text": "关闭",
							"type": "danger",
							"click": "closePies"
						}
					]
				}
                 ,
                 {
                     "type": "buttonGroup",
                     "data":[
                         {
                             "text": "隐藏",
                             "type": "warning",
                             "click": "hidePies"
                         },
                         {
                             "text": "显示",
                             "type": "info",
                             "click": "showPies"
                         }
                     ]
                 }
			]	
		},
		{
			"title": "示例代码",
			"data": [
				{
					"type": "codeBlock",
					"data": "var obj = api.require('pieChart');\nobj.open({\n    id: 1,\n    x: 0,\n    y:164,\n    radius:100,\n    title:'支出总计',\nsubTitle:'10', \nparts:[{value:'2',color:'#FF6600'},\n     {value:'2',color:'#660099'},\n     {value:'2',color:'#FF33FF'},\n     {value:'2',color:'#66CCFF'},\n     {value:'2',color:'#00CCFF'}]\n},function(ret,err) { \napi.alert({\n    msg:ret.index+ret.percent\n});\n});"
				}
			]	
		}
	]
}