{
	"title": "腾讯开放平台",
	"data":[
		{
			"title": "文本分享",
			"data": [
				{
					"type": "inputGroup",
					"data": [
						{
							"label": "内容",
							"type": "text",
							"id": "sharetext",
							"value": "qq文本分享测试"
						}
					]
				}
			]
		},
		{
			"title": "图片分享",
			"data": [
				{
					"type": "inputGroup",
					"data": [
						{
							"label": "路径",
							"type": "text",
							"placeholder": "本地图片路径",
							"id": "shareimagePath",
							"value": "widget://image/filterMe.png"
						}
					]
				},
				{
					"type": "inputGroup",
					"data": [
						{
							"label": "标题",
							"type": "text",
							"id": "shareimagetitle",
							"value": "qq图片分享测试"
						}
					]
				},
				{
					"type": "inputGroup",
					"data": [
						{
							"label": "描述",
							"type": "text",
							"id": "shareimagediscription",
							"value": "qq图片描述分享测试"
						}
					]
				}
			]
		},
		{
			"title": "新闻分享",
			"data": [
				{
					"type": "inputGroup",
					"data": [
						{
							"label": "链接",
							"type": "text",
							"id": "sharenewsurl",
							"value": "http://blog.sina.com.cn/u/2823006341"
						}
					]
				},
				{
					"type": "inputGroup",
					"data": [
						{
							"label": "标题",
							"type": "text",
							"id": "sharenewtitle",
							"value": "新闻分享标题"
						}
					]
				},
				{
					"type": "inputGroup",
					"data": [
						{
							"label": "描述",
							"type": "text",
							"id": "sharenewiscription",
							"value": "新闻的描述"
						}
					]
				},
				{
					"type": "inputGroup",
					"data": [
						{
							"label": "图片",
							"type": "text",
							"id": "sharenewurl",
							"placeholder": "网络图片路径",
							"value": "http://upload.wabei.cn/2011/0807/20110807025817844.jpg"
						}
					]
				}
			]
		},
		{
			"title": "音频分享",
			"data": [
				{
					"type": "inputGroup",
					"data": [
						{
							"label": "链接",
							"type": "text",
							"id": "sharemusicurl",
							"value": "http://y1.eoews.com/assets/ringtones/2012/6/29/36195/mx8an3zgp2k4s5aywkr7wkqtqj0dh1vxcvii287a.mp3"
						}
					]
				},
				{
					"type": "inputGroup",
					"data": [
						{
							"label": "标题",
							"type": "text",
							"id": "sharemusictitle",
							"value": "歌曲标题"
						}
					]
				},
				{
					"type": "inputGroup",
					"data": [
						{
							"label": "描述",
							"type": "text",
							"id": "sharemusicdiscription",
							"value": "歌曲描述"
							
						}
					]
				},
				{
					"type": "inputGroup",
					"data": [
						{
							"label": "图片",
							"type": "text",
							"id": "sharemusicimageurl",
							"value": "http://upload.wabei.cn/2011/0807/20110807025817844.jpg",
							"placeholder": "歌曲缩略图的网络路径"
						}
					]
				}
			]
		},
		{
			"title": "视频分享",
			"data": [
				{
					"type": "inputGroup",
					"data": [
						{
							"label": "链接",
							"type": "text",
							"id": "sharevideourl",
							"value": "http://whtbj.com/wht002/data/attachment/video/201209/24/163611a3azvn0ena3vvae0.mp4"
						}
					]
				},
				{
					"type": "inputGroup",
					"data": [
						{
							"label": "标题",
							"type": "text",
							"id": "sharevideotitle",
							"value": "视频标题"
						}
					]
				},
				{
					"type": "inputGroup",
					"data": [
						{
							"label": "描述",
							"type": "text",
							"id": "sharevideodiscription",
							"value": "视频描述"
							
						}
					]
				},
				{
					"type": "inputGroup",
					"data": [
						{
							"label": "图片",
							"type": "text",
							"id": "sharevideoimageurl",
							"value": "widget://image/qq/text.png",
							"placeholder": "视频缩略图的本地路径"
						}
					]
				}
			]
		},
		{
			"title": "牛刀小试",
			"data": [
				{
					"type": "inputGroup",
					"data": [
						{
							"label": "授权标记",
							"type": "text",
							"id": "token_result",
							"placeholder": "accesstoken",
							"disabled": "disabled" 
						}
					]
				},
				{
					"type": "inputGroup",
					"data": [
						{
							"label": "用户标记",
							"type": "text",
							"id": "userid_result",
							"placeholder": "id",
							"disabled": "disabled"
						}
					]
				},
				{
					"type": "buttonGroup",
					"data":[
						{
							"text": "登入",
							"type": "primary",
							"click": "startLogin"
						},
						{
							"text": "登出",
							"type": "warning",
							"click": "startLogout"
						}
					]
				},
				{
					"type": "buttonGroup",
					"data":[
						{
							"text": "文本分享",
							"type": "info",
							"click": "shareToqqtext"
						},
						{
							"text": "图片分享",
							"type": "info",
							"click": "shareToqqImage"
						}
					]
				},
				{
					"type": "buttonGroup",
					"data":[
						{
							"text": "新闻分享",
							"type": "info",
							"click": "shareToqqnew"
						},
						{
							"text": "音频分享",
							"type": "info",
							"click": "shareToqqmusic"
						},
						{
							"text": "视频分享",
							"type": "info",
							"click": "shareToqqvideo"
						}
					]
				}
			]	
		},
		{
			"title": "示例代码",
			"data": [
				{
					"type": "codeBlock",
					"data": "var obj = api.require('qq');\nobj.login(function(ret,err){\n    api.alert({\n        title: 'id和token',\n        msg: ret.userId + ret.accessToken\n    });\n});\n"
				}
			]	
		}
	]
}