{
	"title": "二维码扫描",
	"data":[
		{
			"title": "边框设置",
			"data": [
				{
					"type": "inputGroup",
					"data": [
						{
							"label": "横坐标",
							"type": "text",
							"id": "viewx",
							"value": "40"
						},
						{
							"label": "纵坐标",
							"type": "text",
							"id": "viewy",
							"value": "128"
						}
					]
				},
				{
					"type": "inputGroup",
					"data": [
						{
							"label": "宽度值",
							"type": "text",
							"id": "vieww",
							"value": "240"
						},
						{
							"label": "高度值",
							"type": "text",
							"id": "viewh",
							"value": "160"
						}
					]
				}
			]
		},
		{
			"title": "声音设置",
			"data": [
				{
					"type": "inputGroup",
					"data": [
						{
							"label": "成功提示音",
							"type": "text",
							"id": "scannsound",
							"value": "widget://image/scanner/beep.caf",
							"placeholder": "扫描成功时的提示音"
						}
					]
				}
			]
		},
		{
			"title": "保存图片设置",
			"data": [
				{
					"type": "inputGroup",
					"data": [
						{
							"label": "图片保存的路径",
							"type": "text",
							"id": "scannerPath",
							"value": "fs://image"
						}
					]
				},
				{
					"type": "inputGroup",
					"data": [
						{
							"label": "保存图片的名字",
							"type": "text",
							"id": "barImageName",
							"value": "barQR.png"
						}
					]
				},
				{
					"type": "inputGroup",
					"data": [
						{
							"label": "保存图片的大小",
							"type": "text",
							"id": "imageSize",
							"value": 200
						}
					]
				}
			]
		},
		{
			"title": "牛刀小试",
			"data": [

				{
					"type": "inputGroup",
					"data": [
						{
							"label": "扫描结果",
							"type": "text",
							"id": "scannerresult",
							"disabled": "disabled"
						}
					]
				},
				{
					"type": "buttonGroup",
					"data":[
						{
							"text": "打开默认扫描器",
							"type": "primary",
							"click": "openScanner"
						}
					]
				},
				{
					"type": "buttonGroup",
					"data":[
						{
							"text": "打开自定义扫描器",
							"type": "primary",
							"click": "openScnnerView"
						},
						{
							"text": "关闭",
							"type": "danger",
							"click": "closeScannerView"
						}
					]
				},
                {
                     "type":"buttonGroup",
                     "data":[
                         {
                             "text":"打开本地相册选取图片解码",
                             "type":"info",
                             "click":"scannerImage"
                         }
                     ]
                },
                {
                     "type":"buttonGroup",
                     "data":[
                         {
                             "text":"生成条码/二维码图片",
                             "type":"info",
                             "click":"encodeStr"
                         }
                     ]
                }
			]	
		},
		{
			"title": "示例代码",
			"data": [
				{
					"type": "codeBlock",
					"data": "var obj = api.require('scanner');\nobj.open(function(ret,err) {\napi.alert({\n    title: '扫描结果', \n    msg: ret.msg\n});\n});"
				}
			]	
		}
	]
}