{
	"title": "图片联播器",
	"data":[
		{
			"title": "边框设置",
			"data": [
				{
					"type": "inputGroup",
					"data": [
						{
							"label": "横坐标",
							"type": "text",
							"id": "viewx",
							"value": "0"
						},
						{
							"label": "纵坐标",
							"type": "text",
							"id": "viewy",
							"value": "64"
						}
					]
				},
				{
					"type": "inputGroup",
					"data": [
						{
							"label": "宽度值",
							"type": "text",
							"id": "viewWidth",
							"value": "320"
						},
						{
							"label": "高度值",
							"type": "text",
							"id": "viewHeight",
							"value": "260"
						}
					]
				}
			]
		},
		{
			"title": "图片设置",
			"data": [
				{
					"type": "inputGroup",
					"data": [
						{
							"label": "联播间隔",
							"type": "text",
							"placeholder": "单位:秒",
							"id": "pictureIntervalTime"
						}
					]
				},
				{
					"type": "inputGroup",
					"data": [
						{
							"label": "图片路径",
							"type": "text",
							"placeholder": "仅以一张图片作例",
							"id": "picturePath",
							"value": "widget://image/scrollPicture_01.jpg"
						}
					]
				},
				{
					"type": "inputGroup",
					"data": [
						{
							"label": "文字说明",
							"type": "text",
							"id": "pictureIllustrate",
							"value": "这是第一张图片"
						}
					]
				},
				{
					"type": "inputGroup",
					"data": [
						{
							"label": "文字颜色",
							"type": "text",
							"id": "pictureIllustrateColor"
						}
					]
				},
				{
					"type": "inputGroup",
					"data": [
						{
							"label": "文字大小",
							"type": "text",
							"id": "pictureIllustrateSize"
						}
					]
				},
				{
					"type": "inputGroup",
					"data": [
						{
							"label": "背景颜色",
							"type": "text",
							"id": "pictureIllustrateBgColor",
                             "value":"rgba(51,161,201,0.6)"
						}
					]
				},
				{
					"type": "inputGroup",
					"data": [
						{
							"label": "背景高度",
							"type": "text",
							"id": "pictureIllustrateBgHeight"
						}
					]
                 },
                 {
                     "type": "inputGroup",
                     "data": [
                          {
                              "label": "是否添加到主视图",
                              "type": "text",
                              "id": "fixedFixedOn"
                          }
                      ]
                 }
			]
		},
		{
			"title": "页面控制",
			"data": [
				{
					"type": "inputGroup",
					"data": [
						{
							"label": "页面控制器位置",
							"type": "text",
							"id": "pageControlPosition",
							"value": "2",
							"placeholder": "center;left;right"
						}
					]
				},
				{
					"type": "inputGroup",
					"data": [
						{
							"label": "通用指示器颜色",
							"type": "text",
							"id": "pageControlColor"
						}
					]
				},
				{
					"type": "inputGroup",
					"data": [
						{
							"label": "当前指示器颜色",
							"type": "text",
							"id": "pageControlActiveColor",
							"value": "#A9A9A9"
						}
					]
				}
			]
		},
		{
			"title": "高级设置",
			"data": [
				{
					"type": "inputGroup",
					"data": [
						{
							"label": "父视图名称",
							"type": "text",
							"id": "windowOrViewName",
							"placeholder": "添加到此视图上"
						}
					]
				},
				{
					"type": "inputGroup",
					"data": [
						{
							"label": "占位图路径",
							"type": "text",
							"id": "placeHolderImgPath",
							"value": "widget://image/scrollPicture_placeholder.png"
						}
					]
				}
			]
		},
		{
			"title": "牛刀小试",
			"data": [
				{
					"type": "inputGroup",
					"data": [
						{
							"label": "图片点击",
							"type": "text",
							"id": "clickPictureIndex",
							"disabled": "disabled",
							"placeholder": "第几张图片被点击."
						}
					]
				},
				{
					"type": "inputGroup",
					"data": [
						{
							"label": "滚动位置",
							"type": "text",
							"id": "scrollPictureIndex",
							"disabled": "disabled",
							"placeholder": "联播器滚动位置"
						}
					]
                     },
                     {
                     "type": "inputGroup",
                     "data": [
                              {
                              "label": "指定滚动",
                              "type": "text",
                              "id": "pageIndex",
                              "value": "1"
                              }
                              ]
                     },
				{
					"type": "buttonGroup",
					"data":[
						{
							"text": "打开",
							"type": "primary",
							"click": "objOpenGraph"
						},
						{
							"text": "关闭",
							"type": "danger",
							"click": "objCloseGraph"
						}
					]
                 },
                 {
                     "type": "buttonGroup",
                     "data":[
                             {
                             "text": "显示",
                             "type": "info",
                             "click": "objshowGraph"
                             },
                             {
                             "text": "隐藏",
                             "type": "warning",
                             "click": "objhideGraph"
                             }
                         ]
                 },
                 {
                     "type": "buttonGroup",
                     "data":[
                             {
                             "text": "跳转到指定页面",
                             "type": "info",
                             "click": "turnToPage"
                             }
                     ]
                 }
			]	
		},
		{
			"title": "示例代码",
			"data": [
				{
					"type": "codeBlock",
					"data": "var obj = api.require('scrollPicture');\nvar arrayPath = new Array();\narrayPath[0] = 'widget://image/scrollPicture_01.jpg';\narrayPath[1] = 'widget://image/scrollPicture_02.jpg';\narrayPath[2] =  'http://f.hiphotos.baidu.com/image/pic/item/4e4a20a4462309f7bdca9423710e0cf3d7cad65d.jpg';\narrayPath[3] = 'widget://image/scrollPicture_04.jpg';\narrayPath[4] = 'widget://image/scrollPicture_05.jpg';\nvar arrayTitle = new Array();\narrayTitle[0] = 'widget://image/scrollPicture_01.jpg';\narrayTitle[1] = 'widget://image/scrollPicture_02.jpg';\narrayTitle[2] = 'http://f.hiphotos.baidu.com/image/pic/item/4e4a20a4462309f7bdca9423710e0cf3d7cad65d.jpg';\narrayTitle[3] = 'widget://image/scrollPicture_04.jpg';\narrayTitle[4] = 'widget://image/scrollPicture_05.jpg';\n\nobj.open({\n placeHoldImg:'widget://image/scrollPicture_placehoder.png',\n subtitle:{\n     titles:arrayTitle\n },\n control:{\n     position:0\n }\n},function(ret,err){\n if(ret.status){\n    ret.click;\n }else{\n    ret.index;\n }\n});"}
			]	
		}
	]
}