{
	"title": "滚动旋转器演示",
	"data":[
		{
			"title": "滚动旋转器参数配置",
			"data": [
				{
					"type": "inputGroup",
					"data": [
						{
							"label": "坐标 x",
							"type": "text",
							"id": "menux"
						},
						{
							"label": "坐标 y",
							"type": "text",
							"id": "menuy"
						}
					]
				},
                 {
                     "type": "inputGroup",
                     "data": [
                          {
                              "label": "视图w",
                              "type": "text",
                              "id": "menuw"
                          },
                          {
                              "label": "视图h",
                              "type": "text",
                              "id": "menuh"
                          }
                      ]
                 }
			]
		},
        {
        "title": "旋转页面控制器参数配置",
        "data": [
             {
                 "type": "inputGroup",
                 "data": [
                      {
                          "label": "常规色",
                          "type": "text",
                          "id": "pgNormal"
                      },
                      {
                          "label": "选中色",
                          "type": "text",
                          "id": "pgHighlight"
                      }
                  ]
             },
             {
                 "type":"inputGroup",
                 "data":[
                         {
                         "label": "圆角大小",
                         "type": "text",
                         "id": "cornerSize",
                         "value":5.0
                         }
                 ]
             },
             {
                 "type":"inputGroup",
                 "data":[
                         {
                         "label": "连播时间",
                         "type": "text",
                         "id": "scrollTime"
                         }
                     ]
             },
             {
                   "type":"inputGroup",
                   "data":[
                      {
                          "label":"页面控制器在y轴上的位置百分比",
                           "type":"number",
                           "id":"pgPosition",
                           "value":50
                      }
                   ]
             }
         ]
        },
        {
            "title": "旋转器内容图片配置",
            "data": [
                 {
                     "type": "inputGroup",
                     "data": [
                              {
                              "label": "第一图片",
                              "type": "text",
                              "id": "item1Img",
                              "value":"widget://image/common/bg.png"
                              }
                      ]
                 },
                 {
                     "type":"inputGroup",
                     "data":[
                             {
                             "label": "说明文字",
                             "type": "text",
                             "id": "explan",
                             "value":"德比大酒店"
                             }
                     ]
                 },
                     {
                     "type":"inputGroup",
                     "data":[
                             {
                             "label": "文字大小",
                             "type": "text",
                             "id": "fontSIze",
                             "value":13
                             }
                             ]
                     },
                     {
                     "type":"inputGroup",
                     "data":[
                             {
                             "label": "文字颜色",
                             "type": "text",
                             "id": "fontColor"
                             }
                             ]
                     },
                 {
                     "type":"inputGroup",
                     "data":[
                             {
                             "label": "由于篇幅限制，本demo暂时只写出一条",
                             "type": "text",
                             "id": "adsd"
                             }
                     ]
                 }
             ]
        },
        {
        "title": "旋转器callBack",
        "data": [
                 {
                 "type": "inputGroup",
                 "data": [
                      {
                          "label": "滚动到中间图片及其点击事件的下标",
                          "type": "text",
                          "id": "clickIndexs"
                      }
                  ]
                 }
             ]
        },
		{
			"title": "牛刀小试",
			"data": [
				{
					"type": "buttonGroup",
					"data":[
						{
							"text": "打开",
							"type": "primary",
							"click": "objOpen"
						},
						{
							"text": "显示",
							"type": "info",
							"click": "objShow"
                        },
                        {
                            "text": "隐藏",
                            "type": "warning",
                            "click": "objHide"
                        },
						{
							"text": "关闭",
							"type": "danger",
							"click": "objClose"
						}
					]
				}
			]	
		},
		{
			"title": "示例代码",
			"data": [
				{
					"type": "codeBlock",
                     "data": "var obj = api.require('scrollRotation');\nobj.open();"
				}
			]	
		}
	]
}