{
	"title": "搜索条",
	"data":[
		{
			"title": "边框设置",
			"data": [
				{
					"type": "inputGroup",
					"data": [
						{
							"label": "框的宽度",
							"type": "text",
							"id": "searchBarwidth"
						}
					]
				},
				{
					"type": "inputGroup",
					"data": [
						{
							"label": "框的高度",
							"type": "text",
							"id": "searchBarHeight"
						}
					]
				},
				{
					"type": "inputGroup",
					"data": [
						{
							"label": "提示文本",
							"type": "text",
							"id": "placeholderText"
						}
					]
				},
				{
					"type": "inputGroup",
					"data": [
						{
							"label": "文本颜色",
							"type": "text",
							"id": "textColor"
						}
					]
				},
				{
					"type": "inputGroup",
					"data": [
						{
							"label": "背景颜色",
							"type": "text",
							"id": "navagationBarBgColor"
						}
					]
				},
				{
					"type": "inputGroup",
					"data": [
						{
							"label": "背景图片",
							"type": "text",
							"id": "searchBarBgImgPath"
						}
					]
				}
			]
		},
		{
			"title": "取消按钮",
			"data": [
				{
					"type": "inputGroup",
					"data": [
						{
							"label": "文字大小",
							"type": "text",
							"id": "cancelTextSize"
						}
					]
				},
				{
					"type": "inputGroup",
					"data": [
						{
							"label": "文字颜色",
							"type": "text",
							"id": "cancelTextColor"
						}
					]
				}
			]
		},
		{
			"title": "取消按钮",
			"data": [
				{
					"type": "inputGroup",
					"data": [
						{
							"label": "文字大小",
							"type": "text",
							"id": "clearTextSize"
						}
					]
				},
				{
					"type": "inputGroup",
					"data": [
						{
							"label": "文字颜色",
							"type": "text",
							"id": "clearTextClor"
						}
					]
				}
			]
		},
		{
			"title": "历史记录",
			"data": [
				{
					"type": "inputGroup",
					"data": [
						{
							"label": "最大条数",
							"type": "text",
							"id": "historyCount"
						}
					]
				},
				{
					"type": "inputGroup",
					"data": [
						{
							"label": "背景颜色",
							"type": "text",
							"id": "historyBgColor"
						}
					]
				},
				{
					"type": "inputGroup",
					"data": [
						{
							"label": "字体大小",
							"type": "text",
							"id": "historyListTextSize"
						}
					]
				},
				{
					"type": "inputGroup",
					"data": [
						{
							"label": "字体颜色",
							"type": "text",
							"id": "historyListTextColor"
						}
					]
				}
			]
		},
		{
			"title": "牛刀小试",
			"data": [
				{
					"type": "inputGroup",
					"data": [
						{
							"label": "搜索内容",
							"type": "text",
							"id": "searchText",
							"disabled": "disabled",
							"placeholder": "显示搜索框中输入的内容"
						}
					]
				},
				{
					"type": "buttonGroup",
					"data":[
						{
							"text": "打开",
							"type": "primary",
							"click": "objOpenGraph"
						}
					]
				}
			]	
		},
		{
			"title": "示例代码",
			"data": [
				{
					"type": "codeBlock",
					"data": "var obj = api.require('searchBar');\nobj.open(function(ret,err){\n     if(ret.isRecord){\n        api.alert({msg:'点击了录音按钮'});\n     }else{\n          ret.text;\n      }\n});"}
			]	
		}
	]
}