{
	"title": "监听传感器",
	"data":[
		{
			"title": "基础设置",
			"data": [
				{
					"type": "inputGroup",
					"data": [
						{
							"label": "传感器类型",
							"type": "text",
							"id": "type",
							"value": "accelerometer",
							"placeholder": "accelerometer或gyroscope或magnetic_field或proximity"
						}
					]
				}
			]
		},
		{
			"title": "牛刀小试",
			"data": [
				{
					"type": "inputGroup",
					"data": [
						{
							"label": "传感器数据",
							"type": "text",
							"id": "info",
							"placeholder": "传感器实时数据",
							"disabled": "disabled"
						}
					]
				},
				{
					"type": "buttonGroup",
					"data":[
						{
							"text": "开始监听",
							"type": "primary",
							"click": "start"
						},
						{
							"text": "停止监听",
							"type": "warning",
							"click": "stop"
						}
					]
				}
			]	
		},
		{
			"title": "示例代码",
			"data": [
				{
					"type": "codeBlock",
					"data": "api.startSensor({\ntype: \"accelerometer\"\n}, function(ret, err){\nif(ret.status){\nvar info = $api.byId('info');\nvar x = ret.x;\nx = x || '';\nvar y = ret.y;\ny = y || '';\nvar z = ret.z;\nz = z || '';\nvar proximity = ret.proximity;\nvar p = proximity ? '是' : '否';\nvar str = 'X轴：'+ x +'<br>Y轴：'+ y + '<br>Z轴：'+ z +'<br>是否接近设备：'+ p;\ninfo.innerHTML = str;\n}else{\napi.alert({msg:err.msg});\n}\n});"
				}
			]	
		}
	]
}