{
	"title": "偏好设置",
	"data":[
		{
			"title": "牛刀小试",
			"data": [
				{
					"type": "inputGroup",
					"data": [
						{
							"label": "键",
							"type": "text",
							"id": "key"
						},
						{
							"label": "值",
							"type": "text",
							"id": "value"
						}
					]
				},
				{
					"type": "buttonGroup",
					"data":[
						{
							"text": "设置",
							"type": "primary",
							"click": "objSet"
						},
						{
							"text": "获取",
							"type": "info",
							"click": "objGet"
						},
						{
							"text": "删除",
							"type": "danger",
							"click": "objDel"
						}
					]
				}
			]	
		},
		{
			"title": "示例代码",
			"data": [
				{
					"type": "codeBlock",
					"data": "api.setPrefs({\n    key: \"key\",\n    value: \"value\"\n});"}
			]	
		}
	]
}