{
	"title": "摇一摇演示",
	"data":[
		{
			"title": "边框设置",
			"data": [
				{
					"type": "inputGroup",
					"data": [
						{
							"label": "横坐标",
							"type": "text",
							"id": "viewX",
							"value": "0"
						},
						{
							"label": "纵坐标",
							"type": "text",
							"id": "viewY",
							"value": "64"
						}
					]
				},
				{
					"type": "inputGroup",
					"data": [
						{
							"label": "宽度值",
							"type": "text",
							"id": "viewW",
							"value": "320"
						},
						{
							"label": "高度值",
							"type": "text",
							"id": "viewH",
							"value": "300"
						}
					]
				}
			]
		},
		{
			"title": "高级设置",
			"data": [
				{
					"type": "inputGroup",
					"data": [
						{
							"label": "动画类型",
							"type": "text",
							"id": "animationTypes",
							"value": "up_down"
						}
					]
				},
                     {
                     "type": "inputGroup",
                     "data": [
                              {
                              "label": "动画时间",
                              "type": "text",
                              "id": "animationTime",
                              "value":3
                              }
                              ]
                     },
				{
					"type": "inputGroup",
					"data": [
						{
							"label": "摇动音效",
							"type": "text",
							"id": "animationSound",
							"value": "widget://image/shakeSound.wav"
						}
					]
				},
				{
					"type": "inputGroup",
					"data": [
						{
							"label": "手机震动",
							"type": "text",
							"id": "animationShake",
                             "value":"true"
						}
					]
                     },
                     {
                     "type": "inputGroup",
                     "data": [
                              {
                              "label": "裂开动画距离百分比",
                              "type": "text",
                              "id": "animationShakePercent",
                             "value":"50"
                              }
                          ]
                     }
			]
		},
		{
			"title": "图片设置",
			"data": [
				{
					"type": "inputGroup",
					"data": [
						{
							"label": "背景图片路径",
							"type": "text",
							"id": "shakeBgImg",
                            "value": "widget://image/shakeView/bg.png"
						}
					]
				},
				{
					"type": "inputGroup",
					"data": [
						{
							"label": "左 (上) 图路径",
							"type": "text",
							"id": "shakeUp",
                            "value": "widget://image/shakeView/up.png"
						}
					]
				},
				{
					"type": "inputGroup",
					"data": [
						{
							"label": "右 (下) 图路径",
							"type": "text",
							"id": "shakeDown",
                            "value": "widget://image/shakeView/down.png"
						}
					]
				},
                {
                   "type":"inputGroup",
                     "data":[
                        {
                              "label":"摇动图片路径",
                              "type":"text",
                              "id":"shakeShake"
                        }
                     ]
                     
                }
			]
		},
		{
			"title": "牛刀小试",
			"data": [
				{
					"type": "buttonGroup",
					"data":[
						{
							"text": "打开摇动视图",
							"type": "primary",
							"click": "openShake"
						}
					]
				},
				{
					"type": "buttonGroup",
					"data":[
						{
							"text": "关闭摇动视图",
							"type": "danger",
							"click": "closeShake"
						}
					]
				},
                {
                     "type": "buttonGroup",
                     "data":[
                         {
                             "text": "触发摇动事件",
                             "type": "info",
                             "click": "shakeShakeMe"
                         }
                     ]
                },
				{
					"type": "buttonGroup",
					"data":[
						{
							"text": "显示",
							"type": "info",
							"click": "showShake"
						},
						{
							"text": "隐藏",
							"type": "warning",
							"click": "hideShake"
						}
					]
				}
			]	
		},
		{
			"title": "示例代码",
			"data": [
				{
					"type": "codeBlock",
					"data": "var obj = api.require('shakeView');\nobj.open();"
				}
			]	
		}
	]
}