{
	"title": "边框菜单演示",
	"data":[
		{
			"title": "菜单参数配置",
			"data": [
				{
					"type": "inputGroup",
					"data": [
						{
							"label": "类型(0,1)",
							"type": "text",
							"id": "buttonType"
						},
						{
							"label": "按钮起点",
							"type": "text",
							"id": "buttonfromHeight"
						}
					]
				},
                 {
                 "type": "inputGroup",
                 "data": [
                      {
                          "label": "按钮间隙",
                          "type": "text",
                          "id": "buttoninterval"
                      },
                      {
                          "label": "按钮边长",
                          "type": "text",
                          "id": "buttonHeight"
                      }
                  ]
                 },
                 {
                     "type": "inputGroup",
                     "data": [
                          {
                              "label": "弹道背景色(若为空则不显示弹道)",
                              "type": "text",
                              "id": "menuBackGroundColor",
                              "value":"#2b4cde"
                          }
                      ]
                 }
			]
		},
		{
			"title": "菜单按钮配置",
			"data": [
				{
					"type": "inputGroup",
					"data": [
						{
							"label": "按钮1背景图片",
							"type": "text",
							"id": "button1Img",
							"value": "widget://image/sideMenu/bg.png"
						}
					]
				},
				{
					"type": "inputGroup",
					"data": [
						{
							"label": "按钮1显示图片",
							"type": "text",
							"id": "button1SelectedImg",
							"value": "widget://image/common/ui_sort_click.png"
						}
					]
				},
				{
					"type": "inputGroup",
					"data": [
						{
							"label": "按钮2背景图片",
							"type": "text",
							"id": "button2Img",
							"value": "widget://image/sideMenu/bg.png"
						}
					]
                 },
                 {
                 "type": "inputGroup",
                 "data": [
                          {
                          "label": "按钮2显示图片",
                          "type": "text",
                          "id": "button2SelectedImg",
                          "value": "widget://image/common/api_sort_click.png"
                          }
                   ]
                 }
			]
        },
        {
			"title": "菜单ID",
			"data": [
                     {
                     "type": "inputGroup",
                     "data": [
                              {
                              "label": "打开菜单的id",
                              "type": "nubmer",
                              "id": "sideMenuID"
                          }
                      ]
                 },
                 {
                     "type": "inputGroup",
                     "data": [
                              {
                              "label": "操作菜单的id",
                              "type": "text",
                              "id": "handlesideMenuID"
                          }
                      ]
                 }
             ]
        },
		{
			"title": "牛刀小试",
			"data": [
				{
					"type": "buttonGroup",
					"data":[
						{
							"text": "打开",
							"type": "primary",
							"click": "objOpenMenu"
						},
						{
							"text": "显示",
							"type": "info",
							"click": "objShowMenu"
                        },
                        {
                            "text": "隐藏",
                            "type": "warning",
                            "click": "objHiddenMenu"
                        },
						{
							"text": "关闭",
							"type": "danger",
							"click": "objCloseMenu"
						}
					]
				}
			]	
		},
		{
			"title": "示例代码",
			"data": [
				{
					"type": "codeBlock",
                     "data": " var obj = api.require('sideMenu');\nvar arrayPath = new Array();\narrayPath[0]={icon:'widget://image/sideMemu_icon.png’,bgImg:’widget://image/sideMenu_bg.png' };\narrayPath[1]={icon: 'widget://image/sideMemu_icon.png’,bgImg: ’widget://image/sideMenu_bg1.png' };\narrayPath[2]={icon: 'widget://image/sideMemu_icon.png’,bgImg: ’widget://image/sideMenu_bg.png' };\narrayPath[3]={icon: 'widget://image/sideMemu_icon.png’,bgImg: ’widget://image/sideMenu_bg1.png' };\nobj.open({\nbtnArray:arrayPath\n},function(ret,err){\napi.alert({msg:'点击了菜单id为'+ret.id+'的第'+ret.index+'个按钮'});\n});"
				}
			]	
		}
	]
}