{
	"title": "新浪微博开放平台",
	"data":[
		{
			"title": "基础设置",
			"data": [
				{
					"type": "inputGroup",
					"data": [
						{
							"label": "类型",
							"type": "text",
							"id": "contentType",
							"value": "text",
							"placeholder": "text image music video web_page"
						}
					]
				},
				{
					"type": "inputGroup",
					"data": [
						{
							"label": "文本",
							"type": "text",
							"id": "text",
							"value": "这里是测试的内容"
						}
					]
				},
				{
					"type": "inputGroup",
					"data": [
						{
							"label": "图片",
							"type": "text",
							"id": "imageUrl",
							"value": "widget://image/sinaWeiBo/test.png"
						}
					]
				}
			]
		},
		{
			"title": "高级设置",
			"data": [
				{
					"type": "inputGroup",
					"data": [
						{
							"label": "标题",
							"type": "text",
							"placeholder": "多媒体标题",
							"id": "mediaTitle",
							"value": "测试用title"
						}
					]
				},
				{
					"type": "inputGroup",
					"data": [
						{
							"label": "描述",
							"type": "text",
							"id": "mediaDescription",
							"value": "测试用description",
							"placeholder":"多媒体描述"
						}
					]
				},
				{
					"type": "inputGroup",
					"data": [
						{
							"label": "图片",
							"type": "text",
							"placeholder": "多媒体缩略图本地路径",
							"id": "mediathumbUrl",
							"value": "widget://image/sinaWeiBo/test.png"
						}
					]
				},
				{
					"type": "inputGroup",
					"data": [
						{
							"label": "音乐",
							"type": "text",
							"id": "mediamusicUrl",
							"value": "http://fc.5sing.com/12491827.html",
							"placeholder": "音乐网页链接"
						}
					]
				},
				{
					"type": "inputGroup",
					"data": [
						{
							"label": "视频",
							"type": "text",
							"id": "mediavideoUrl",
							"value": "http://v.ku6.com/show/ZgeIWrUgvfSuDN_fl_qNsQ.html",
							"placeholder": "视频网页链接"
						}
					]
					} ,
				{
					"type": "inputGroup",
					"data": [
						{
							"label": "网页",
							"type": "text",
							"id": "mediawebpageUrl",
							"value": "http://www.baidu.com/",
							"placeholder": "网页链接"
						}
					]
				}
			]
		},
		{
			"title": "牛刀小试",
			"data": [
				{
					"type": "buttonGroup",
					"data":[
						{
							"text": "登陆授权",
							"type": "primary",
							"click": "auth"
						},
						{
							"text": "发表内容",
							"type": "info",
							"click": "send"
						},
						{
							"text": "取消授权",
							"type": "warning",
							"click": "reg"
						}
					]
				}
			]	
		},
		{
			"title": "示例代码",
			"data": [
				{
					"type": "codeBlock",
					"data": "var sinaWeiBo = api.require('sinaWeiBo');\nsinaWeiBo.auth({\nredirectUrl: 'http://www.gome.com.cn'\n},function(ret,err){\nif (ret.status) {\n    api.alert({\n        title: '微博授权',\n        msg: '授权成功'\n    });\n}else{\n    api.alert({msg:'授权失败'+err.msg});\n}\n});"
				}
			]	
		}
	]
}