{
	"title": "侧滑显示效果演示",
	"data":[
		{
			"title": "基础设置",
			"data": [
				{
					"type": "inputGroup",
					"data": [
						{
							"label": "侧滑类型",
							"type": "text",
							"id": "type",
							"value": "all",
							"placeholder": "all或left或right"
						}
					]
				}
			]
		},
		{
			"title": "牛刀小试",
			"data": [
				{
					"type": "buttonGroup",
					"data":[
						{
							"text": "打开侧滑布局",
							"type": "primary",
							"click": "openSideLayout"
						}
					]
				}
			]	
		},
		{
			"title": "示例代码",
			"data": [
				{
					"type": "codeBlock",
					"data": "api.openSlidLayout({\nleftEdge:120,\nrightEdge:60,\ntype:'all',\nfixedPane:{\n    name: 'below',\n    url: './below.html'\n},\nslidPane:{\n    name: 'above',\n    url: './above.html'\n}\n}, function(ret) {\nvar type = ret.type;\nif (type == 'left') {\n    var script = 'showLeft()';\napi.execScript({\n        name: 'below',\n        script: script\n    });\n} else {\n    var script = 'showRight()';\n    api.execScript({\n        name: 'below',\n        script: script\n    });\n}\n});"
				}
			]	
		}
	]
}