{
	"title": "语音识别演示",
	"data":[
		{
			"title": "语音识别",
			"data": [
				{
					"type": "inputGroup",
					"data": [
						{
							"label": "前断点值",
							"type": "text",
							"id": "vad_bos",
							"value": "5000",
							"placeholder": "单位ms,判定超时的静音时间"
						}
					]
				},
				{
					"type": "inputGroup",
					"data": [
						{
							"label": "后断点值",
							"type": "text",
							"id": "vad_eos",
							"value": "5000",
							"placeholder": "单位ms,判定结束的静音时间"
						}
					]
				},
				{
					"type": "inputGroup",
					"data": [
						{
							"label": "采样率值",
							"type": "text",
							"id": "sample_rate",
							"value": "16000",
							"placeholder": "16000或8000"
						}
					]
				},
				{
					"type": "inputGroup",
					"data": [
						{
							"label": "有无标点",
							"type": "text",
							"id": "asr_ptt",
							"value": "1",
							"placeholder": "0,无;1,有"
						}
					]
				},
				{
					"type": "inputGroup",
					"data": [
						{
							"label": "保存路径",
							"type": "text",
							"id": "asr_audio_path",
							"placeholder": "不指定路径则不保存"
						}
					]
				}
			]
		},
		{
			"title": "文本识别",
			"data": [
				{
					"type": "inputGroup",
					"data": [
						{
							"label": "合成语速",
							"type": "text",
							"placeholder": "0-100",
							"id": "vspeed",
							"value": "60"
						}
					]
				},
				{
					"type": "inputGroup",
					"data": [
						{
							"label": "合成音量",
							"type": "text",
							"placeholder": "0-100",
							"id": "vvolume",
							"value": "60"
						}
					]
				},
				{
					"type": "inputGroup",
					"data": [
						{
							"label": "个性发音",
							"type": "text",
							"placeholder": "0,女;1,男",
							"id": "vvoicename",
							"value": "0"
						}
					]
				},
				{
					"type": "inputGroup",
					"data": [
						{
							"label": "采样率值",
							"type": "text",
							"placeholder": "16000或8000",
							"id": "samplerate",
							"value": "16000"
						}
					]
				},
				{
					"type": "inputGroup",
					"data": [
						{
							"label": "保存路径",
							"type": "text",
							"placeholder": "不指定路径,则不保存",
							"id": "vasr_audio_path"
						}
					]
				}
			]
		},
		{
			"title": "牛刀小试",
			"data": [
				{
					"type": "inputGroup",
					"data": [
						{
							"label": "语音识别",
							"type": "text",
							"id": "recordStr",
							"disabled": "disabeld"
						}
					]
				},
				{
					"type": "inputGroup",
					"data": [
						{
							"label": "识别文本",
							"type": "text",
							"id": "readstr",
							"value": "APICloud 重新定义移动开发!"
						}
					]
				},
				{
					"type": "buttonGroup",
					"data":[
						{
							"text": "语音识别",
							"type": "info",
							"click": "openSpeechRecognizer"
						},						
						{
							"text": "文本识别",
							"type": "info",
							"click": "playSpeechRecognizer"
						}
						
					]
					
				},
				{
					"type": "buttonGroup",
					"data":[
						{
							"text": "停止录音",
							"type": "danger",
							"click": "stopSpeechRecognizer"
						},						
						{
							"text": "取消语音识别",
							"type": "warning",
							"click": "cancelSpeechRecognizer"
						}
						
					]
					
				}
				,
				{
					"type": "buttonGroup",
					"data":[
						{
							"text": "停止朗读",
							"type": "danger",
							"click": "stopReadRecognizer"
						},						
						{
							"text": "暂停朗读",
							"type": "warning",
							"click": "pauseSpeechRecognizer"
						}
						,						
						{
							"text": "恢复朗读",
							"type": "info",
							"click": "resumeSpeechRecognizer"
						}
						
					]
					
				},
                {
                     "type": "buttonGroup",
                     "data":[
                         {
                             "text": "添加录音标识",
                             "type": "info",
                             "click": "addSpeechHUD"
                         }
                     ]
                }
				
				
			]	
		},
		{
			"title": "示例代码",
			"data": [
				{
					"type": "codeBlock",
					"data": " var obj = api.require('speechRecognizer');\n    obj.record({\n    },function(ret,err){\n       if(ret.status){\n          ret.wordStr;\n       }else{\n           err.msg;\n       }\n     });"
				}
			]	
		}
	]
}