{
	"title": "状态栏",
	"data":[
		{
			"title": "牛刀小试",
			"data": [
				{
					"type": "buttonGroup",
					"data":[
						{
							"text": "dark样式",
							"type": "info",
							"click": "changeDark"
						},
						{
							"text": "显示/隐藏",
							"type": "primary",
							"click": "change"
						},
						{
							"text": "light样式",
							"type": "info",
							"click": "changeLight"
						}
					]
				}
			]	
		},
		{
			"title": "示例代码",
			"data": [
				{
					"type": "codeBlock",
					"data": "api.setStatusBarStyle({\nstyle: 'light'\n});"}
			]	
		}
	]
}