{
	"title": "底部标签栏(未完成)",
	"data":[
		{
			"title": "基础设置",
			"data": [
				{
					"type": "inputGroup",
					"data": [
						{
							"label": "背景图片",
							"type": "text",
							"id": "bgimageBar",
							"value": "widget://image/tabBar/bg.png",
							"placeholder": "标签栏的背景图片"
						}
					]
				},
				{
					"type": "inputGroup",
					"data": [
						{
							"label": "选中图片",
							"type": "text",
							"id": "selectbgImage",
							"value": "widget://image/tabBar/sel.png",
							"placeholder": "被选中按钮的背景图片"
						}
					]
                 },
                 {
                     "type": "inputGroup",
                     "data": [
                      {
                              "label": "每屏按钮数(可为空,默认5)",
                              "type": "text",
                              "id": "perScreenBtnNumber",
                              "value": "5"
                      }
                  ]
                 },
                 {
                     "type": "inputGroup",
                     "data": [
                              {
                              "label": "默认选中按钮的下标",
                              "type": "text",
                              "id": "selectedIndexBtn",
                              "value": "3"
                          }
                      ]
                 }
			]
		},
		{
			"title": "按钮设置",
			"data": [
				{
					"type": "inputGroup",
					"data": [
						{
							"label": "标题值",
							"type": "text",
							"placeholder": "按钮的标题",
							"id": "barbtntitle",
							"value": "标题"
						}
					]
				},
				{
					"type": "inputGroup",
					"data": [
						{
							"label": "图片一",
							"type": "text",
							"placeholder": "按钮一的图片",
							"id": "barbtnimg1",
							"value": "widget://image/tabBar/item1.png"
						}
					]
				},
				{
					"type": "inputGroup",
					"data": [
						{
							"label": "图片二",
							"type": "text",
							"placeholder": "按钮二的图片",
							"id": "barbtnimg2",
							"value": "widget://image/tabBar/item2.png"
						}
					]
				},
				{
					"type": "inputGroup",
					"data": [
						{
							"label": "图片三",
							"type": "text",
							"placeholder": "按钮三的图片",
							"id": "barbtnimg3",
							"value": "widget://image/tabBar/item3.png"
						}
					]
				},
				{
					"type": "inputGroup",
					"data": [
						{
							"label": "图片四",
							"type": "text",
							"placeholder": "按钮四的图片",
							"id": "barbtnimg4",
							"value": "widget://image/tabBar/item4.png"
						}
					]
				},
				{
					"type": "inputGroup",
					"data": [
						{
							"label": "图片五",
							"type": "text",
							"placeholder": "按钮五的图片",
							"id": "barbtnimg5",
							"value": "widget://image/tabBar/item5.png"
						}
					]
				},
				{
					"type": "inputGroup",
					"data": [
						{
							"label": "图片六",
							"type": "text",
							"placeholder": "按钮六的图片",
							"id": "barbtnimg6",
							"value": "widget://image/tabBar/item6.png"
						}
					]
				},
				{
					"type": "inputGroup",
					"data": [
						{
							"label": "图片七",
							"type": "text",
							"placeholder": "按钮七的图片",
							"id": "barbtnimg7",
							"value": "widget://image/tabBar/item7.png"
						}
					]
				},
				{
					"type": "inputGroup",
					"data": [
						{
							"label": "徽章值",
							"type": "text",
							"placeholder": "按钮的徽章,可为空",
							"id": "barbadge",
							"value": "2"
						}
					]
				}
			]
		},
		{
			"title": "牛刀小试",
			"data": [
				{
					"type": "inputGroup",
					"data": [
						{
							"label": "按钮下标",
							"type": "text",
							"id": "barbtnindex",
							"value": "2",
							"placeholder": "要设置徽章的按钮的下标"
						}
					]
				},
				{
					"type": "inputGroup",
					"data": [
						{
							"label": "徽章内容",
							"type": "text",
							"id": "setbarbadge",
							"value": "test",
							"placeholder": "要单独设置的徽章内容"
						}
					]
                     },
                     {
                     "type": "inputGroup",
                     "data": [
                              {
                              "label": "设置选中按钮下标",
                              "type": "text",
                              "id": "setbarbadgeSelecto",
                              "value": 3
                              }
                              ]
                     },
				{
					"type": "buttonGroup",
					"data":[
						{
							"text": "打开",
							"type": "primary",
							"click": "opentablebar"
						},
						{
							"text": "设置徽章",
							"type": "info",
							"click": "setBadgenum"
						},
						{
							"text": "关闭",
							"type": "danger",
							"click": "clostablebar"
						}
					]
				},
				{
					"type": "buttonGroup",
					"data":[
						{
							"text": "显示",
							"type": "info",
							"click": "showtablebar"
						},
                        {
                            "text": "设置选中",
                            "type": "info",
                            "click": "setSelectedBtn"
                        },
						{
							"text": "隐藏",
							"type": "warning",
							"click": "hiddentablebar"
						}
					]
                     }
			]	
		},
		{
			"title": "示例代码",
			"data": [
				{
					"type": "codeBlock",
					"data": "var obj = api.require('tabBar');\nobj.open({\n    bgImg:'widget://image/tabBar_bg.png',\n    selectImg:'widget://image/selecte_tabBar.png',\n    items:[{title:'item1',img:'widget://image/tabBar_item1.png',badge:'1'},\n          {title:'item2',img:'widget://image/tabBar_item1.png'},\n          {title:'item3',img:'widget://image/tabBar_item1.png',badge:'2'},\n          {title:'item4',img:'widget://image/tabBar_item1.png'},\n          {title:'item5',img:'widget://image/tabBar_item1.png',badge:'2'},\n          {title:'item6',img:'widget://image/tabBar_item1.png',badge:'200000'},\n          {title:'item7',img:'widget://image/tabBar_item1.png',badge:'2'},\n          {title:'item8',img:'widget://image/tabBar_item1.png',badge:'2'},\n          {title:'item9',img:'widget://image/tabBar_item1.png',badge:'2'},\n          {title:'item10',img:'widget://image/tabBar_item1.png',badge:'2'},\n          {title:'item11',img:'widget://image/tabBar_item1.png',badge:'2'}]\n},function(ret,err){\n     api.alert({msg:ret.index});\n});"}
			]	
		}
	]
}