{
	"title": "电话与短信",
	"data":[
		{
			"title": "电话设置",
			"data": [
				{
					"type": "inputGroup",
					"data": [
						{
							"label": "号码",
							"type": "text",
							"id": "telNum",
							"value": "10086"
						}
					]
				}
			]
		},
		{
			"title": "短信设置",
			"data": [
				{
					"type": "inputGroup",
					"data": [
						{
							"label": "号码",
							"type": "text",
							"id": "smsNum",
							"value": "10086"
						}
					]
				},
				{
					"type": "inputGroup",
					"data": [
						{
							"label": "内容",
							"type": "text",
							"id": "smsTxt",
							"value": "你好,世界!"
						}
					]
				}
			]
		},
		{
			"title": "牛刀小试",
			"data": [
				{
					"type": "buttonGroup",
					"data":[
						{
							"text": "打电话",
							"type": "info",
							"click": "dial"
						},
						{
							"text": "发短信",
							"type": "info",
							"click": "send"
						}
					]
				}
			]	
		},
		{
			"title": "示例代码",
			"data": [
				{
					"type": "codeBlock",
					"data": "api.call({\ntype: 'tel',\nnumber: '10086'\n});"
				}
			]	
		}
	]
}