{
	"title": "面包屑提示框",
	"data":[
		{
			"title": "基础设置",
			"data": [
				{
					"type": "inputGroup",
					"data": [
						{
							"label": "时间",
							"type": "text",
							"id": "durationField",
							"value": "3000",
							"placeholder": "单位:毫秒"
						}
					]
				},
				{
					"type": "inputGroup",
					"data": [
						{
							"label": "位置",
							"type": "text",
							"id": "locationType",
							"value": "top",
							"placeholder": "top或middle或bottom"
						}
					]
				},
				{
					"type": "inputGroup",
					"data": [
						{
							"label": "提示",
							"type": "text",
							"id": "msgField",
							"value": "网络连接失败"
						}
					]
				}
			]
		},
		{
			"title": "牛刀小试",
			"data": [
				{
					"type": "buttonGroup",
					"data":[
						{
							"text": "显示面包屑提示",
							"type": "primary",
							"click": "showToast"
						}
					]
				}
			]	
		},
		{
			"title": "示例代码",
			"data": [
				{
					"type": "codeBlock",
					"data": "api.toast({\nmsg: '网络连接失败',\nduration: 3000,\nlocation: 'top'\n});"
				}
			]	
		}
	]
}