{
	"title": "指纹识别",
    "data":[
            {
            "title": "参数配置",
            "data": [
                     {
                     "type": "inputGroup",
                     "data":[
                             {
                             "label": "验证框标题",
                             "type": "text",
                             "id": "checkTitle",
                             "value": "验证指纹密码"
                             }
                          ]
                     }
                 ]
            },
		{
			"title": "牛刀小试",
			"data": [
				{
					"type": "buttonGroup",
					"data":[
						{
							"text": "开始指纹密码身份验证",
							"type": "primary",
							"click": "checkTouchID"
						}
					]
				}
			]	
		},
		{
			"title": "示例代码",
			"data": [
				{
					"type": "codeBlock",
                     "data": "var obj = api.require('touchID');\nobj.verify(function(ret,err){\nif(ret.status){\napi.alert({msg:\"验证通过\"});\n}else{\napi.alert({msg:\"用户取消验证\"});\n}\n});"
                }
			]
		}
	]
}