{
	"title": "XML解析",
	"data":[
		{
			"title": "基础设置",
			"data": [
				{
					"type": "inputGroup",
					"data": [
						{
							"label": "文件路径",
							"type": "text",
							"id": "xmlPath",
							"value": "widget://config.xml",
							"placeholder": "支持widget,fs协议"
						}
					]
				},
				{
					"type": "inputGroup",
					"data": [
						{
							"label": "文本字符",
							"type": "text",
							"id": "xmlStr",
							"value": "<author email = \"123@api.com\">api</author>",
							"placeholder": "XML格式的字符串,优先解析"
						}
					]
				},
				{
					"type": "inputGroup",
					"data": [
						{
							"label": "默认的键",
							"type": "text",
							"id": "customKeys",
							"value": "plainText",
							"placeholder": "可为空"
						}
					]
				}
			]
		},
        {
        "title": "图片转换设置",
        "data": [
                 {
                 "type": "inputGroup",
                 "data": [
                          {
                              "label": "解析图片路径",
                              "type": "text",
                              "id": "changeImgPath",
                              "value": "widget://image/trans/test.png"
                          }
                      ]
                 },
                 {
                 "type": "inputGroup",
                 "data": [
                          {
                              "label": "保存图片路径",
                              "type": "text",
                              "id": "saveImgPath",
                              "value": "fs://transImg"
                          }
                      ]
                 },
                 {
                 "type": "inputGroup",
                 "data": [
                          {
                              "label": "保存图片名字",
                              "type": "text",
                              "id": "imageName",
                              "value": "img1.png"
                          }
                      ]
                 },
                 {
                 "type": "inputGroup",
                 "data": [
                          {
                              "label": "是否保存相册",
                              "type": "text",
                              "id": "saveAlbum",
                              "value":"true"
                          }
                      ]
                 }
             ]
        },
		{
			"title": "牛刀小试",
			"data": [
				{
					"type": "buttonGroup",
					"data":[
						{
							"text": "解析xml为json",
							"type": "info",
							"click": "startUnarchive"
						}
					]
                 },
                 {
                     "type": "buttonGroup",
                     "data":[
                             {
                             "text": "将图片转换成base64字符串",
                             "type": "info",
                             "click": "imgToStr"
                         }
                     ]
                 },
                 {
                     "type": "buttonGroup",
                     "data":[
                             {
                             "text": "将base64字符串保存为图片",
                             "type": "info",
                             "click": "strToImg"
                         }
                     ]
                 }
			]	
		},
		{
			"title": "示例代码",
			"data": [
				{
					"type": "codeBlock",
					"data": "var trans = api.require('trans');\ntrans.parse({\npath:'fs://1.xml'\n},function(ret,err){\nif(ret) {\n   api.alert({msg:'解析成功'});\n} else{\n   api.alert({msg:err.msg});\n}\n});"}
			]	
		}
	]
}