{
	"title": "微信开放平台",
	"data":[
		{
			"title": "基础设置",
			"data": [
				{
					"type": "inputGroup",
					"data": [
						{
							"label": "分享类型",
							"type": "text",
							"id": "scene",
							"value": "timeline",
							"placeholder": "timeline朋友圈,session会话,favorite收藏"
						}
					]
				},
				{
					"type": "inputGroup",
					"data": [
						{
							"label": "内容类型",
							"type": "text",
							"id": "contentType",
							"value": "text",
							"placeholder": "text image music video web_page"
						}
					]
				},
				{
					"type": "inputGroup",
					"data": [
						{
							"label": "标题文本",
							"type": "text",
							"id": "title",
							"value": "测试标题"
						}
					]
				},
				{
					"type": "inputGroup",
					"data": [
						{
							"label": "内容文本",
							"type": "text",
							"id": "description",
							"value": "这里是测试的内容:你好,柚子! "
						}
					]
				},
				{
					"type": "inputGroup",
					"data": [
						{
							"label": "缩略图片",
							"type": "text",
							"id": "thumbUrl",
							"value": "widget://image/common/bg.png"
						}
					]
				}
			]
		},
		{
			"title": "资源链接",
			"data": [
				{
					"type": "inputGroup",
					"data": [
						{
							"label": "图片",
							"type": "text",
							"id": "contentUrlI",
							"value": "widget://image/common/bg.png"
						}
					]
				},
				{
					"type": "inputGroup",
					"data": [
						{
							"label": "内容",
							"type": "text",
							"id": "contentUrl",
							"value": "http://www.baidu.com/img/bdlogo.gif"
						}
					]
				},
				{
					"type": "inputGroup",
					"data": [
						{
							"label": "音乐",
							"type": "text",
							"id": "contentUrlM",
							"value": "http://117.78.5.26/files/shijian.mp3"
						}
					]
				},
				{
					"type": "inputGroup",
					"data": [
						{
							"label": "视频",
							"type": "text",
							"id": "contentUrlV",
							"value": "http://117.78.5.26/files/wangfei.mp4"
						}
					]
				}
			]
		},
		{
			"title": "牛刀小试",
			"data": [
				{
					"type": "inputGroup",
					"data": [
						{
							"label": "权限标识",
							"type": "text",
							"id": "paytokenis",
							"disabled": "disabled",
							"placeholder": "获取到的accessToken"
						}
					]
				},
				{
					"type": "inputGroup",
					"data": [
						{
							"label": "权限时效",
							"type": "text",
							"id": "exipires",
							"disabled": "disabled",
							"placeholder": "accessToken的过期时间"
						}
					]
				},
				{
					"type": "inputGroup",
					"data": [
						{
							"label": "订单编号",
							"type": "text",
							"id": "payorderidis",
							"disabled": "disabled",
							"placeholder": "生成的预支付订单的编号"
						}
					]
				},
				{
					"type": "inputGroup",
					"data": [
						{
							"label": "支付结果",
							"type": "text",
							"id": "payResult",
							"disabled": "disabled",
							"placeholder": "账单的支付结果"
						}
					]
				},
				{
					"type": "buttonGroup",
					"data":[
						{
							"text": "注册应用",
							"type": "info",
							"click": "reg"
						},
						{
							"text": "分享内容",
							"type": "info",
							"click": "sendReq"
						}
					]
                 },
                 {
                     "type": "buttonGroup",
                     "data":[
                             {
                                 "text": "微信登陆",
                                 "type": "info",
                                 "click": "loginWeiXin"
                             },
                             {
                                 "text": "微信登出",
                                 "type": "info",
                                 "click": "logoutWeiXin"
                             }
                         ]
                 },
                 {
                     "type": "buttonGroup",
                     "data":[
                             {
                                 "text": "获取用户信息",
                                 "type": "info",
                                 "click": "getUsersInfomation"
                             }
                         ]
                 },
                 {
                     "type": "buttonGroup",
                     "data":[
                             {
                             "text": "刷新获取的token",
                             "type": "info",
                             "click": "refreshUserToken"
                             }
                             ]
                 },
				{
					"type": "buttonGroup",
					"data":[
						{
							"text": "用户标识",
							"type": "info",
							"click": "getPayToken"
						},
						{
							"text": "生成订单",
							"type": "info",
							"click": "getPayOrder"
						},
						{
							"text": "支付订单",
							"type": "info",
							"click": "gotoPayOrder"
						}
					]
				}
			]	
		},
		{
			"title": "示例代码",
			"data": [
				{
					"type": "codeBlock",
					"data": "var weiXin = api.require('weiXin');\nweiXin.registerApp(\nfunction(ret,err){\nif (ret.status) {\napi.alert({msg:''+ret.status});\n}else{\napi.alert({msg:err.msg});\n}\n});"
				}
			]	
		}
	]
}