{
	"title": "压缩/解压",
	"data":[
		{
			"title": "压缩设置",
			"data": [
				{
					"type": "inputGroup",
					"data": [
						{
							"label": "文件路径",
							"type": "text",
							"id": "archivefile1",
							"value": "widget://index.html",
							"placeholder": "可以压缩多个文件"
						}
					]
				},
				{
					"type": "inputGroup",
					"data": [
						{
							"label": "文件路径",
							"type": "text",
							"id": "archivefile2",
							"value": "widget://config.xml",
							"placeholder": "可以压缩多个文件"
						}
					]
				},
				{
					"type": "inputGroup",
					"data": [
						{
							"label": "压缩密码",
							"type": "为空,则无密压缩",
							"id": "archivepassword"
						}
					]
				},
				{
					"type": "inputGroup",
					"data": [
						{
							"label": "压缩路径",
							"type": "为空,则无密压缩",
							"id": "archiedMultiFilePath",
							"value": "fs://archive.zip",
							"placeholder": "压缩后的文件路径"
						}
					]
				}
			]
		},
		{
			"title": "解压设置",
			"data": [
				{
					"type": "inputGroup",
					"data": [
						{
							"label": "文件路径",
							"type": "text",
							"placeholder": "要解压的文件的路径",
							"id": "unarchivefile",
							"value": "fs://archive.zip"
						}
					]
				},
				{
					"type": "inputGroup",
					"data": [
						{
							"label": "解压密码",
							"type": "text",
							"placeholder": "要解压的文件的密码,可为空",
							"id": "unarchivepassword"
						}
					]
				},
				{
					"type": "inputGroup",
					"data": [
						{
							"label": "解压路径",
							"type": "text",
							"id": "unarchiedMultiFilePath",
							"value": "fs://"
						}
					]
				}
			]
		},
		{
			"title": "牛刀小试",
			"data": [
				{
					"type": "buttonGroup",
					"data":[
						{
							"text": "压缩",
							"type": "info",
							"click": "archivefiles"
						},
						{
							"text": "解压",
							"type": "info",
							"click": "Unarchiverfile"
						}
					]
				}
			]	
		},
		{
			"title": "示例代码",
			"data": [
				{
					"type": "codeBlock",
					"data": "var obj = api.require('zip');\nobj.archive({\n    password:'123',\n    files:['widget://image/1.docx','widget://image/test.pdf']\n},function(ret,err){\n    if(ret.status) {\n       api.alert({msg:'压缩成功'});\n    }else{\n       api.alert({msg:err.msg});\n    }\n});"
				}
			]	
		}
	]
}